Date,EFA,GLD,IWM,QQQ,SPY,TLT
2018-01-02,54.73714065551758,125.1500015258789,138.19395446777344,150.05723571777344,235.9542694091797,97.57400512695312
2018-01-03,54.99988555908203,124.81999969482422,138.33763122558594,151.5153045654297,237.44674682617188,98.04052734375
2018-01-04,55.602657318115234,125.45999908447266,138.70579528808594,151.78036499023438,238.44757080078125,98.02495574951172
2018-01-05,55.911766052246094,125.33000183105469,138.9931640625,153.30471801757812,240.03656005859375,97.74500274658203
2018-01-08,55.89632034301758,125.30999755859375,139.20864868164062,153.90127563476562,240.47555541992188,97.68289184570312
2018-01-09,55.95814895629883,124.7300033569336,139.02008056640625,153.9107208251953,241.01979064941406,96.37657928466797
2018-01-10,55.84996032714844,125.02999877929688,139.0380859375,153.5509033203125,240.65106201171875,96.25997924804688
2018-01-11,56.236351013183594,125.44000244140625,141.42660522460938,154.6018524169922,242.40692138671875,96.656494140625
2018-01-12,56.800498962402344,126.95999908447266,142.01919555664062,155.73800659179688,243.98712158203125,96.81976318359375
2018-01-16,56.74639892578125,127.16999816894531,140.2053985595703,155.29302978515625,243.153076171875,97.22413635253906
2018-01-17,57.04006576538086,126.13999938964844,141.5343475341797,156.96884155273438,245.47080993652344,97.0919189453125
2018-01-18,56.97050857543945,125.86000061035156,140.5645751953125,156.9972686767578,245.0581817626953,96.18997192382812
2018-01-19,57.2873420715332,126.41999816894531,142.41432189941406,157.4895477294922,246.17315673828125,95.68461608886719
2018-01-22,57.58101272583008,126.6500015258789,143.17758178710938,159.1748504638672,248.1746368408203,95.77790069580078
2018-01-23,57.7664794921875,127.27999877929688,143.63555908203125,160.4909210205078,248.70144653320312,96.18997192382812
2018-01-24,57.866947174072266,128.8300018310547,142.74655151367188,159.44940185546875,248.60488891601562,95.66902923583984
2018-01-25,57.642845153808594,127.97000122070312,142.80044555664062,159.39260864257812,248.71026611328125,96.45433044433594
2018-01-26,58.15287780761719,128.07000732421875,143.31227111816406,161.83535766601562,251.58975219726562,96.0966567993164
2018-01-29,57.619667053222656,127.3499984741211,142.50413513183594,161.04954528808594,249.92176818847656,95.42798614501953
2018-01-30,57.14053726196289,126.80000305175781,141.1392059326172,159.72396850585938,247.35829162597656,94.86814880371094
2018-01-31,57.06324005126953,127.6500015258789,140.40293884277344,160.38677978515625,247.48109436035156,95.42798614501953
2018-02-01,57.22552490234375,128.07000732421875,140.84292602539062,159.02340698242188,247.20028686523438,94.04497528076172
2018-02-02,56.06633758544922,126.38999938964844,138.1311492919922,155.8516082763672,241.81875610351562,93.17229461669922
2018-02-05,53.717041015625,126.70999908447266,132.82427978515625,149.70692443847656,231.70518493652344,94.05274963378906
2018-02-06,54.77577590942383,125.37999725341797,134.4136199951172,153.6739501953125,236.27040100097656,93.4683837890625
2018-02-07,54.196163177490234,124.79000091552734,134.54830932617188,151.6857452392578,234.98863220214844,92.58013916015625
2018-02-08,52.781959533691406,124.9800033569336,130.5973663330078,145.28543090820312,226.17445373535156,92.47882080078125
2018-02-09,53.006065368652344,124.7699966430664,131.79159545898438,147.79443359375,229.57192993164062,91.89447021484375
2018-02-12,53.81749725341797,125.37000274658203,133.03977966308594,150.4170379638672,232.94308471679688,92.29961395263672
2018-02-13,53.65522003173828,126.08000183105469,133.3270721435547,151.19332885742188,233.52249145507812,92.71260070800781
2018-02-14,54.60576629638672,128.22999572753906,135.72463989257812,154.02426147460938,236.67417907714844,91.68408966064453
2018-02-15,54.9457893371582,128.3800048828125,137.20620727539062,156.88360595703125,239.69412231445312,91.99578857421875
2018-02-16,55.19308090209961,127.95999908447266,137.69114685058594,156.18301391601562,239.76438903808594,92.494384765625
2018-02-20,54.6753044128418,126.23999786376953,136.5597381591797,156.49545288085938,238.26319885253906,92.08929443359375
2018-02-21,54.412567138671875,125.66000366210938,136.70333862304688,156.0504150390625,237.07797241210938,90.95950317382812
2018-02-22,54.698490142822266,126.30000305175781,136.48789978027344,156.0314483642578,237.38525390625,91.23219299316406
2018-02-23,55.131256103515625,126.13999938964844,138.26583862304688,159.22219848632812,241.1690216064453,92.04251861572266
2018-02-26,55.64902114868164,126.44999694824219,139.17279052734375,161.33351135253906,243.9695587158203,92.0737075805664
2018-02-27,54.82213592529297,125.12999725341797,137.17030334472656,159.33583068847656,240.9231719970703,91.94123077392578
2018-02-28,54.304351806640625,125.0,135.0063018798828,158.31326293945312,238.482666015625,92.52558898925781
2018-03-01,53.3924674987793,124.72000122070312,134.64710998535156,155.72854614257812,235.01495361328125,93.15721130371094
2018-03-02,53.64748764038086,125.38999938964844,136.80223083496094,157.158203125,236.2265167236328,92.3998794555664
2018-03-05,53.93342971801758,125.18000030517578,138.02340698242188,158.90029907226562,238.95672607421875,92.1500473022461
2018-03-06,54.250274658203125,126.52999877929688,139.51393127441406,159.57252502441406,239.56246948242188,92.2359619140625
2018-03-07,54.23481750488281,125.72000122070312,140.74412536621094,159.94171142578125,239.47476196289062,92.13447570800781
2018-03-08,54.35073471069336,125.41999816894531,140.45677185058594,160.82232666015625,240.63356018066406,92.66532897949219
2018-03-09,54.698490142822266,125.54000091552734,142.70167541503906,163.9467010498047,244.82113647460938,92.056396484375
2018-03-12,54.76032257080078,125.54000091552734,142.95309448242188,164.8177490234375,244.51382446289062,92.5872573852539
2018-03-13,54.39710235595703,125.77999877929688,142.28860473632812,162.5738983154297,242.93360900878906,93.05570983886719
2018-03-14,54.528465270996094,125.69999694824219,141.61514282226562,162.54542541503906,241.68699645996094,93.87548065185547
2018-03-15,54.49755859375,124.9000015258789,140.90577697753906,162.40342712402344,241.42367553710938,93.87548065185547
2018-03-16,54.45893478393555,124.5999984741211,141.69601440429688,161.92059326171875,241.6853790283203,93.53976440429688
2018-03-19,54.01844024658203,124.87000274658203,140.3311004638672,158.46583557128906,238.415283203125,93.24310302734375
2018-03-20,54.010704040527344,124.30999755859375,140.29518127441406,158.98736572265625,238.8208770751953,92.86832427978516
2018-03-21,54.095706939697266,126.4800033569336,141.11231994628906,158.29507446289062,238.3624267578125,92.96986389160156
2018-03-22,53.09108352661133,125.9800033569336,138.01805114746094,154.38795471191406,232.40402221679688,93.89110565185547
2018-03-23,52.50374221801758,127.61000061035156,135.04800415039062,150.3196563720703,227.4504852294922,93.82085418701172
2018-03-26,53.446556091308594,128.27999877929688,138.0,155.90528869628906,233.6732940673828,93.46172332763672
2018-03-27,53.052433013916016,127.48999786376953,135.32696533203125,150.86019897460938,229.6981201171875,94.4610595703125
2018-03-28,53.36155319213867,125.7300033569336,135.28201293945312,149.12478637695312,229.01942443847656,94.7108383178711
2018-03-29,53.84841537475586,125.79000091552734,136.64999389648438,151.85594177246094,231.94573974609375,95.17147064208984
2018-04-02,53.10653305053711,127.26000213623047,133.31997680664062,147.47467041015625,226.9392547607422,95.35928344726562
2018-04-03,53.446556091308594,126.30000305175781,135.2279815673828,149.1342010498047,229.84796142578125,94.62384033203125
2018-04-04,53.63203811645508,126.44999694824219,136.94705200195312,151.48611450195312,232.3070831298828,94.4282455444336
2018-04-05,53.98752212524414,125.80000305175781,138.0810546875,152.34909057617188,234.1405029296875,93.72406768798828
2018-04-06,53.63203811645508,126.38999938964844,135.32696533203125,148.5367889404297,228.92247009277344,94.7490005493164
2018-04-09,54.07251739501953,126.81999969482422,135.4889678955078,149.57994079589844,230.05062866210938,94.90547180175781
2018-04-10,54.65213394165039,127.12000274658203,138.04507446289062,152.880126953125,233.7085723876953,94.73336791992188
2018-04-11,54.44345474243164,128.11000061035156,138.34202575683594,151.99822998046875,232.48333740234375,95.06976318359375
2018-04-12,54.65213394165039,126.62000274658203,139.2870330810547,153.82846069335938,234.39602661132812,94.37345886230469
2018-04-13,54.70621871948242,127.44999694824219,138.55809020996094,153.03187561035156,233.7085723876953,94.59252166748047
2018-04-16,54.79122543334961,127.62999725341797,139.83604431152344,154.19837951660156,235.6300506591797,94.62384033203125
2018-04-17,55.03853225708008,127.75,141.35708618164062,157.51748657226562,238.15093994140625,94.88203430175781
2018-04-18,55.32445526123047,127.8499984741211,141.73512268066406,157.83987426757812,238.3272247314453,94.12306213378906
2018-04-19,55.11579895019531,127.5999984741211,140.75408935546875,156.3889617919922,237.0050811767578,93.35633850097656
2018-04-20,54.90715026855469,126.62999725341797,139.9980926513672,153.91380310058594,234.9954376220703,92.68344116210938
2018-04-23,54.83758544921875,125.62000274658203,139.79107666015625,153.52500915527344,234.96017456054688,92.70690155029297
2018-04-24,54.61347198486328,126.2300033569336,138.9900665283203,150.27224731445312,231.7958984375,92.28443908691406
2018-04-25,54.520748138427734,125.41000366210938,138.78306579589844,150.452392578125,232.36878967285156,91.66634368896484
2018-04-26,54.79122543334961,124.97000122070312,139.4220428466797,153.61985778808594,234.7310333251953,92.30792236328125
2018-04-27,54.84532165527344,125.5,139.22409057617188,153.71466064453125,234.95135498046875,93.0198974609375
2018-04-30,54.667572021484375,124.58999633789062,137.9910125732422,152.6240997314453,233.14443969726562,93.1841812133789
2018-05-01,54.47438049316406,123.70999908447266,138.6660919189453,154.36904907226562,233.5587158203125,92.8486099243164
2018-05-02,54.45119094848633,123.6500015258789,139.1880340576172,153.45860290527344,231.98983764648438,92.74665832519531
2018-05-03,54.62120819091797,124.27999877929688,138.4320526123047,153.4396514892578,231.47854614257812,93.16224670410156
2018-05-04,54.81440734863281,124.54000091552734,140.1600799560547,156.35098266601562,234.47532653808594,93.30339050292969
2018-05-07,54.82213592529297,124.56999969482422,141.34811401367188,157.65025329589844,235.26876831054688,93.1544189453125
2018-05-08,54.82986068725586,124.58999633789062,142.05010986328125,157.48902893066406,235.26876831054688,93.06812286376953
2018-05-09,54.96125793457031,124.33000183105469,142.81517028808594,159.2055206298828,237.54278564453125,92.51144409179688
2018-05-10,55.31671905517578,125.18000030517578,143.5801544189453,160.8556365966797,239.7639923095703,93.2563247680664
2018-05-11,55.46354293823242,125.0,143.85919189453125,160.70379638671875,240.49554443359375,93.4915771484375
2018-05-14,55.56403732299805,124.48999786376953,143.3101348876953,160.9788818359375,240.61007690429688,92.9975814819336
2018-05-15,55.16215515136719,122.4800033569336,143.33717346191406,159.19601440429688,238.9529571533203,91.93904876708984
2018-05-16,55.23945236206055,122.29000091552734,144.8312225341797,160.24867248535156,239.95785522460938,91.58615112304688
2018-05-17,55.32445526123047,122.36000061035156,145.49720764160156,159.6322479248047,239.755126953125,91.1235122680664
2018-05-18,55.1235237121582,122.41000366210938,145.6862030029297,158.80722045898438,239.15565490722656,91.9076156616211
2018-05-21,55.47128677368164,122.4800033569336,146.64926147460938,159.69862365722656,240.953857421875,91.95467376708984
2018-05-22,55.40174102783203,122.41000366210938,145.587158203125,159.49000549316406,240.28399658203125,91.81353759765625
2018-05-23,54.79122543334961,122.54000091552734,145.77622985839844,160.83663940429688,240.945068359375,92.48005676269531
2018-05-24,54.62120819091797,123.58999633789062,145.83018493652344,160.7892303466797,240.45144653320312,93.21714782714844
2018-05-25,54.26572799682617,123.20999908447266,145.56922912597656,160.95042419433594,239.87850952148438,93.79739379882812
2018-05-29,53.16062927246094,123.19000244140625,145.37120056152344,160.23919677734375,237.11964416503906,95.85179138183594
2018-05-30,53.97206115722656,123.37000274658203,147.6752471923828,161.38665771484375,240.28399658203125,95.20880889892578
2018-05-31,53.63203811645508,123.0999984741211,146.49624633789062,161.28233337402344,238.81198120117188,95.052001953125
2018-06-01,54.095706939697266,122.48999786376953,147.4592742919922,163.8144073486328,241.15655517578125,94.54977416992188
2018-06-04,54.25799560546875,122.37000274658203,148.24229431152344,165.2937469482422,242.302490234375,93.86599731445312
2018-06-05,54.1729850769043,122.8499984741211,149.1602783203125,165.805908203125,242.4787139892578,94.08606719970703
2018-06-06,54.65985107421875,122.91999816894531,150.24032592773438,166.7731475830078,244.50588989257812,93.32369232177734
2018-06-07,54.35073471069336,122.86000061035156,149.42129516601562,165.41705322265625,244.4795379638672,94.22752380371094
2018-06-08,54.412567138671875,123.01000213623047,149.87127685546875,165.42654418945312,245.20225524902344,93.94459533691406
2018-06-11,54.76032257080078,123.2300033569336,150.0963134765625,165.87225341796875,245.5284423828125,93.77169036865234
2018-06-12,54.412567138671875,122.81999969482422,150.7803192138672,166.74472045898438,245.8456573486328,93.79521942138672
2018-06-13,54.48983383178711,123.19000244140625,150.186279296875,166.73524475097656,245.0613250732422,93.74810028076172
2018-06-14,54.3739128112793,123.37999725341797,150.98731994628906,168.4232635498047,245.6782684326172,94.52616119384766
2018-06-15,54.095706939697266,121.33999633789062,151.03233337402344,167.83529663085938,245.36488342285156,94.61266326904297
2018-06-18,53.709320068359375,121.11000061035156,151.74331665039062,167.73829650878906,244.86012268066406,94.52616119384766
2018-06-19,53.2159309387207,120.80000305175781,151.75234985351562,167.26318359375,243.92164611816406,95.07636260986328
2018-06-20,53.255332946777344,120.26000213623047,152.97633361816406,168.45114135742188,244.33787536621094,94.24323272705078
2018-06-21,52.87701416015625,120.05000305175781,151.54537963867188,166.98757934570312,242.8060760498047,94.73841094970703
2018-06-22,53.43661117553711,120.33999633789062,151.04129028320312,166.61692810058594,243.24879455566406,94.73051452636719
2018-06-25,52.69574737548828,119.88999938964844,148.57528686523438,162.8629913330078,239.93751525878906,94.94274139404297
2018-06-26,52.79032897949219,119.26000213623047,149.4392852783203,163.52830505371094,240.46871948242188,95.07636260986328
2018-06-27,52.293792724609375,118.58000183105469,147.04527282714844,161.30442810058594,238.47659301757812,95.97232818603516
2018-06-28,52.4908332824707,118.22000122070312,147.49522399902344,162.69192504882812,239.84017944335938,95.99595642089844
2018-06-29,52.782447814941406,118.6500015258789,147.396240234375,163.1291046142578,240.18540954589844,95.66582489013672
2018-07-02,52.301673889160156,117.45999908447266,148.41326904296875,164.22201538085938,240.6989288330078,95.59100341796875
2018-07-03,52.45930480957031,118.6500015258789,149.0049285888672,162.32127380371094,239.84890747070312,96.10303497314453
2018-07-05,52.979488372802734,119.05000305175781,150.70309448242188,164.33609008789062,241.80551147460938,96.378662109375
2018-07-06,53.26321792602539,118.86000061035156,151.9766845703125,166.892578125,243.85084533691406,96.69380187988281
2018-07-09,53.775516510009766,119.1500015258789,152.93418884277344,168.39407348632812,246.04666137695312,96.0715103149414
2018-07-10,53.751869201660156,118.93000030517578,152.2386474609375,168.51763916015625,246.9318084716797,96.06364440917969
2018-07-11,52.8533821105957,117.63999938964844,150.94699096679688,167.6623077392578,245.12574768066406,96.4338607788086
2018-07-12,53.26321792602539,118.12999725341797,151.6785888671875,170.55142211914062,247.34808349609375,96.42597961425781
2018-07-13,53.4287223815918,117.61000061035156,151.22698974609375,170.69395446777344,247.5428924560547,96.67015075683594
2018-07-16,53.40507888793945,117.55000305175781,150.63983154296875,170.28529357910156,247.3214569091797,96.26842498779297
2018-07-17,53.49966049194336,116.27999877929688,151.3083038330078,171.3211669921875,248.322021484375,96.08729553222656
2018-07-18,53.50754165649414,116.30999755859375,151.7328338623047,170.9980926513672,248.84432983398438,95.70125579833984
2018-07-19,53.3972053527832,115.80999755859375,152.8076934814453,170.14273071289062,247.90586853027344,96.30780029296875
2018-07-20,53.64940643310547,116.55999755859375,152.18443298339844,170.10472106933594,247.62255859375,95.12621307373047
2018-07-23,53.64940643310547,116.0,152.37417602539062,170.6464080810547,248.0829620361328,93.95252227783203
2018-07-24,53.96467971801758,116.04000091552734,150.7482452392578,171.34974670410156,249.33128356933594,94.27549743652344
2018-07-25,54.36663055419922,116.68000030517578,151.2992401123047,173.74459838867188,251.4562225341797,94.1258316040039
2018-07-26,54.122291564941406,115.7699966430664,152.11215209960938,171.1121063232422,250.86305236816406,93.94464874267578
2018-07-27,54.22477340698242,115.83000183105469,149.27587890625,168.80279541015625,249.16307067871094,94.10213470458984
2018-07-30,54.21688461303711,115.6500015258789,148.31842041015625,166.41732788085938,247.86163330078125,93.77918243408203
2018-07-31,54.28780746459961,115.98999786376953,149.82688903808594,167.69085693359375,249.08348083496094,94.291259765625
2018-08-01,54.011966705322266,115.13999938964844,149.72752380371094,168.32754516601562,248.66726684570312,93.52305603027344
2018-08-02,53.657291412353516,114.5199966430664,150.8205108642578,170.617919921875,250.0219268798828,93.65727233886719
2018-08-03,53.68881607055664,114.91999816894531,150.296630859375,171.140625,251.09324645996094,94.1230697631836
2018-08-06,53.460262298583984,114.33000183105469,151.13662719726562,172.1480255126953,252.01402282714844,94.17832946777344
2018-08-07,53.87797546386719,114.58999633789062,151.49790954589844,172.7752685546875,252.8462371826172,93.68885803222656
2018-08-08,53.8306884765625,114.91000366210938,151.3624725341797,172.98434448242188,252.739990234375,93.78357696533203
2018-08-09,53.673057556152344,114.73999786376953,151.75088500976562,172.87977600097656,252.3946990966797,94.57311248779297
2018-08-10,52.60116958618164,114.69000244140625,151.3263397216797,171.55880737304688,250.7036590576172,95.25993347167969
2018-08-13,52.41202163696289,112.95999908447266,150.4411163330078,171.3686981201172,249.7652130126953,95.06255340576172
2018-08-14,52.40412902832031,113.06999969482422,151.93157958984375,172.44261169433594,251.35888671875,94.84939575195312
2018-08-15,51.64751434326172,111.19000244140625,150.025634765625,170.33282470703125,249.48187255859375,95.40205383300781
2018-08-16,52.01005935668945,111.0999984741211,151.4166259765625,170.89353942871094,251.50042724609375,95.39417266845703
2018-08-17,52.317440032958984,112.12999725341797,152.06700134277344,170.93157958984375,252.38589477539062,95.5125961303711
2018-08-20,52.60116958618164,112.69000244140625,152.4915313720703,170.77952575683594,252.92596435546875,96.15206146240234
2018-08-21,52.924312591552734,113.0199966430664,154.2439422607422,171.40676879882812,253.51922607421875,95.82836151123047
2018-08-22,53.129234313964844,113.2699966430664,154.623291015625,172.0719451904297,253.36865234375,96.20733642578125
2018-08-23,52.75092315673828,112.19999694824219,154.15359497070312,171.8248748779297,253.0322265625,96.35734558105469
2018-08-24,53.05829620361328,114.16000366210938,154.99363708496094,173.42149353027344,254.55496215820312,96.54679107666016
2018-08-27,53.76765060424805,114.58999633789062,155.21942138671875,175.18917846679688,256.5648193359375,95.99415588378906
2018-08-28,53.72035598754883,113.68000030517578,155.36402893066406,175.44578552246094,256.6888732910156,95.4178466796875
2018-08-29,54.011966705322266,114.19999694824219,155.81564331054688,177.4700469970703,258.07000732421875,95.5441665649414
2018-08-30,53.49966049194336,113.63999938964844,155.68917846679688,177.15640258789062,257.0252990722656,95.74939727783203
2018-08-31,53.074058532714844,113.51000213623047,156.28536987304688,177.3844757080078,257.0340881347656,95.52837371826172
2018-09-04,52.62481689453125,112.93000030517578,155.5897979736328,176.62423706054688,256.59149169921875,94.97606658935547
2018-09-05,52.14404296875,113.31999969482422,155.17428588867188,174.34336853027344,255.90084838867188,94.72284698486328
2018-09-06,51.986412048339844,113.54000091552734,154.12652587890625,172.78477478027344,255.1305389404297,95.0710220336914
2018-09-07,51.568695068359375,113.2300033569336,154.04518127441406,172.1195068359375,254.6346893310547,94.26393127441406
2018-09-10,51.88396072387695,113.1500015258789,154.23489379882812,172.69924926757812,255.07742309570312,94.612060546875
2018-09-11,51.93124008178711,113.22000122070312,154.48780822753906,174.02975463867188,255.9186248779297,93.89202880859375
2018-09-12,52.15192794799805,114.16999816894531,154.117431640625,173.5165557861328,255.98060607910156,94.11357116699219
2018-09-13,52.538124084472656,113.76000213623047,154.15359497070312,175.36972045898438,257.4945068359375,94.25601196289062
2018-09-14,52.616939544677734,113.0199966430664,154.80393981933594,174.8565216064453,257.5387878417969,93.80494689941406
2018-09-17,52.664222717285156,113.61000061035156,153.16001892089844,172.3380889892578,256.17529296875,93.80494689941406
2018-09-18,53.2159309387207,113.44000244140625,153.80133056640625,173.76364135742188,257.56536865234375,92.82378387451172
2018-09-19,53.40507888793945,113.87999725341797,153.2412567138672,173.63058471679688,257.83978271484375,92.26992797851562
2018-09-20,54.06713104248047,114.2699966430664,154.65948486328125,175.55032348632812,259.92938232421875,92.69720458984375
2018-09-21,54.09077072143555,113.48999786376953,153.91871643066406,174.59048461914062,259.6917419433594,92.65763854980469
2018-09-24,53.84645080566406,113.47000122070312,153.3497314453125,175.07595825195312,258.8291015625,92.42025756835938
2018-09-25,54.11442184448242,113.6500015258789,153.5845184326172,175.3140106201172,258.5889892578125,92.32532501220703
2018-09-26,54.1380615234375,113.05000305175781,152.1807403564453,175.4377899169922,257.8152160644531,92.97416687011719
2018-09-27,54.02772903442383,112.05000305175781,152.1898193359375,176.92300415039062,258.5357666015625,93.03743743896484
2018-09-28,53.586368560791016,112.76000213623047,152.65171813964844,176.88487243652344,258.5622863769531,92.79215240478516
2018-10-01,53.64940643310547,112.56999969482422,150.6410675048828,177.24671936035156,259.4606018066406,92.1109390258789
2018-10-02,53.37356185913086,113.87000274658203,149.0108642578125,176.84683227539062,259.30938720703125,92.67398834228516
2018-10-03,53.27897644042969,113.41999816894531,150.31504821777344,177.03726196289062,259.4517517089844,91.06413269042969
2018-10-04,52.65635299682617,113.4800033569336,148.20481872558594,173.63839721679688,257.4239501953125,90.4217529296875
2018-10-05,52.34108352661133,113.80000305175781,146.86439514160156,171.51527404785156,255.98309326171875,89.64459228515625
2018-10-08,52.08887481689453,112.54000091552734,146.55653381347656,170.46800231933594,255.98309326171875,89.34326934814453
2018-10-09,51.95487976074219,112.5999984741211,145.98587036132812,171.02015686035156,255.60952758789062,90.24730682373047
2018-10-10,50.85147476196289,112.87999725341797,141.79261779785156,163.49880981445312,247.51614379882812,90.00145721435547
2018-10-11,50.14214324951172,115.77999877929688,139.0846710205078,161.470947265625,242.06423950195312,91.0958480834961
2018-10-12,50.32341766357422,115.2300033569336,139.1118621826172,165.96469116210938,245.42601013183594,90.7786636352539
2018-10-15,50.205196380615234,116.0,139.6280517578125,163.95584106445312,244.04754638671875,90.73898315429688
2018-10-16,51.06428909301758,115.80000305175781,143.6764373779297,168.72569274902344,249.38385009765625,90.94515991210938
2018-10-17,50.77266311645508,115.79000091552734,143.06057739257812,168.7923126220703,249.42822265625,90.4059066772461
2018-10-18,49.95298767089844,115.91999816894531,140.37979125976562,164.87933349609375,245.82630920410156,90.37416076660156
2018-10-19,50.23671340942383,116.01000213623047,138.89447021484375,164.72702026367188,245.69287109375,90.17594909667969
2018-10-22,50.01603698730469,115.70999908447266,138.59556579589844,165.57431030273438,244.5900115966797,90.05696868896484
2018-10-23,49.54314422607422,116.38999938964844,137.3547821044922,164.96502685546875,243.34486389160156,90.34249877929688
2018-10-24,48.14023971557617,116.66000366210938,132.1834259033203,157.4151153564453,235.97189331054688,91.02447509765625
2018-10-25,48.74711608886719,116.4000015258789,135.04534912109375,162.86094665527344,240.20541381835938,90.64382934570312
2018-10-26,48.41609191894531,116.7699966430664,133.5691375732422,158.67185974121094,235.98080444335938,91.19102478027344
2018-10-29,48.2821044921875,116.30999755859375,132.8355255126953,155.40623474121094,234.6734161376953,90.9848403930664
2018-10-30,48.865333557128906,115.80000305175781,135.6068878173828,157.96726989746094,238.15084838867188,90.5328140258789
2018-10-31,49.22789001464844,115.1500015258789,135.87855529785156,161.6803436279297,240.69456481933594,90.07284545898438
2018-11-01,49.85840606689453,116.62999725341797,139.01217651367188,163.81301879882812,243.25595092773438,90.15630340576172
2018-11-02,49.92934036254883,116.6500015258789,139.47409057617188,161.26148986816406,241.815185546875,89.0354232788086
2018-11-05,49.92934036254883,116.37000274658203,139.3654327392578,160.86158752441406,243.14932250976562,89.38519287109375
2018-11-06,50.134254455566406,116.04000091552734,140.05372619628906,162.08026123046875,244.68789672851562,89.32954406738281
2018-11-07,50.8041877746582,116.02999877929688,142.56239318847656,167.164306640625,249.9264373779297,89.44880676269531
2018-11-08,50.30766296386719,115.77999877929688,142.1820526123047,166.0979766845703,249.47280883789062,89.44085693359375
2018-11-09,49.976627349853516,114.4800033569336,139.54660034179688,163.29891967773438,247.03585815429688,90.10859680175781
2018-11-12,49.156944274902344,113.66000366210938,136.7842559814453,158.35769653320312,242.4199981689453,90.69684600830078
2018-11-13,49.369754791259766,113.69999694824219,136.3495330810547,158.49093627929688,241.96633911132812,90.64122009277344
2018-11-14,49.409156799316406,114.63999938964844,135.3533172607422,157.2818145751953,240.31219482421875,90.69684600830078
2018-11-15,49.566802978515625,114.7699966430664,137.2823944091797,160.03326416015625,242.82012939453125,90.65715789794922
2018-11-16,49.6219596862793,115.62000274658203,137.60841369628906,159.4715576171875,243.45167541503906,91.18181610107422
2018-11-19,49.18848419189453,115.66999816894531,134.81895446777344,154.2923126220703,239.33375549316406,91.43618774414062
2018-11-20,48.337276458740234,115.66999816894531,132.21961975097656,151.5313262939453,234.90469360351562,91.46797943115234
2018-11-21,49.01508331298828,115.86000061035156,134.06724548339844,152.68328857421875,235.70509338378906,91.43618774414062
2018-11-23,48.69194412231445,115.7699966430664,133.94046020507812,151.5789337158203,234.13084411621094,91.53158569335938
2018-11-26,49.424930572509766,115.63999938964844,135.6793212890625,155.08255004882812,237.91079711914062,91.32490539550781
2018-11-27,49.23576736450195,114.94999694824219,134.55628967285156,155.606201171875,238.711181640625,91.4282455444336
2018-11-28,49.93722152709961,115.37999725341797,137.88011169433594,160.61404418945312,244.2076416015625,90.98306274414062
2018-11-29,49.68501281738281,115.73999786376953,137.50877380371094,160.0904083251953,243.67404174804688,91.34078216552734
2018-11-30,49.47221755981445,115.54000091552734,138.2242431640625,161.25198364257812,245.15916442871094,91.68263244628906
2018-12-03,50.12637710571289,116.41000366210938,139.54660034179688,164.07005310058594,248.40554809570312,92.33364868164062
2018-12-04,48.82593536376953,117.12000274658203,133.6053009033203,157.77687072753906,240.35658264160156,93.87944793701172
2018-12-06,48.36880111694336,117.13999938964844,133.3155059814453,158.89076232910156,239.99192810058594,94.17424774169922
2018-12-07,47.880157470703125,118.08999633789062,130.4354248046875,153.6449432373047,234.41543579101562,94.34951782226562
2018-12-10,47.50971984863281,117.68000030517578,130.0550537109375,155.25396728515625,234.86016845703125,94.73993682861328
2018-12-11,47.65946578979492,117.54000091552734,129.91920471191406,155.76806640625,234.91354370117188,94.72406005859375
2018-12-12,48.36091995239258,117.79000091552734,131.16000366210938,157.13897705078125,236.09642028808594,94.30171966552734
2018-12-13,48.27422332763672,117.52999877929688,129.3033447265625,157.1865997314453,236.01634216308594,94.07862854003906
2018-12-14,47.65158462524414,117.05999755859375,127.34707641601562,153.3592987060547,231.65841674804688,94.40530395507812
2018-12-17,47.27326965332031,117.87000274658203,124.51103973388672,149.88418579101562,227.11361694335938,94.95509338378906
2018-12-18,47.3115119934082,118.1500015258789,124.35658264160156,150.8267364501953,226.86456298828125,95.52378845214844
2018-12-19,46.8574333190918,117.43000030517578,121.76673889160156,147.1232147216797,223.46714782714844,96.78569793701172
2018-12-20,46.66625213623047,119.23999786376953,119.75846862792969,144.99066162109375,219.8295440673828,96.4343032836914
2018-12-21,45.85368728637695,118.72000122070312,116.65069580078125,140.49684143066406,215.32534790039062,96.41832733154297
2018-12-24,45.319950103759766,120.0199966430664,114.38801574707031,137.01280212402344,209.6357879638672,96.89752197265625
2018-12-26,46.37150192260742,119.66000366210938,119.88573455810547,145.5677490234375,220.22763061523438,95.85923767089844
2018-12-27,46.506927490234375,120.56999969482422,120.385498046875,146.131103515625,221.9184112548828,95.87519073486328
2018-12-28,46.753875732421875,121.05999755859375,120.73081970214844,146.0546417236328,221.6321563720703,96.68190002441406
2018-12-31,46.82556915283203,121.25,121.67581939697266,147.286376953125,223.5733642578125,97.04927062988281
2019-01-02,46.72997283935547,121.33000183105469,122.36646270751953,147.87832641601562,223.8059844970703,97.56041717529297
2019-01-03,46.30775833129883,122.43000030517578,120.17648315429688,143.04705810546875,218.46534729003906,98.67066192626953
2019-01-04,47.72575378417969,121.44000244140625,124.66551971435547,149.1672821044922,225.78298950195312,97.52851104736328
2019-01-07,47.90898132324219,121.86000061035156,126.84642028808594,150.94320678710938,227.563232421875,97.240966796875
2019-01-08,48.21965408325195,121.52999877929688,128.79103088378906,152.30853271484375,229.7012176513672,96.98538970947266
2019-01-09,48.7613639831543,122.30999755859375,129.8542022705078,153.54981994628906,230.77467346191406,96.83364868164062
2019-01-10,48.952552795410156,121.58999633789062,130.5266876220703,153.98904418945312,231.58877563476562,96.21063995361328
2019-01-11,48.61797332763672,121.80000305175781,130.56297302246094,153.4256591796875,231.67825317382812,96.58602905273438
2019-01-14,48.39492416381836,122.08999633789062,129.26351928710938,152.06991577148438,230.26480102539062,96.22663879394531
2019-01-15,48.64984130859375,121.87999725341797,130.35403442382812,155.03929138183594,232.90383911132812,95.87519073486328
2019-01-16,48.78527069091797,122.2699966430664,131.32632446289062,155.01065063476562,233.4674072265625,95.9710464477539
2019-01-17,48.96052169799805,122.11000061035156,132.51669311523438,156.23280334472656,235.23863220214844,95.9950180053711
2019-01-18,49.45442581176758,121.0199966430664,133.87982177734375,157.779541015625,238.36968994140625,95.4918212890625
2019-01-22,48.689666748046875,121.44999694824219,131.76248168945312,154.61917114257812,235.1492462158203,96.1387710571289
2019-01-23,48.91272735595703,121.27999877929688,131.39903259277344,154.81968688964844,235.6413116455078,96.09882354736328
2019-01-24,48.9684944152832,121.08999633789062,132.18959045410156,155.82220458984375,235.76649475097656,96.72982788085938
2019-01-25,49.526123046875,122.86000061035156,133.88890075683594,157.68405151367188,237.76136779785156,96.26654815673828
2019-01-28,49.25528335571289,123.29000091552734,133.17100524902344,155.73626708984375,235.95437622070312,96.17074584960938
2019-01-29,49.36680221557617,123.9800033569336,132.8529510498047,154.26589965820312,235.6413116455078,96.65789794921875
2019-01-30,49.908504486083984,124.69000244140625,134.306884765625,158.19015502929688,239.3716583251953,96.58602905273438
2019-01-31,49.93240737915039,124.75,135.45184326171875,160.55799865722656,241.473876953125,97.41670227050781
2019-02-01,49.91646957397461,124.5,135.5608673095703,159.88009643554688,241.59022521972656,96.82830810546875
2019-02-04,50.099693298339844,123.95999908447266,137.17840576171875,161.86605834960938,243.2899169921875,96.39604187011719
2019-02-05,50.49003982543945,124.27999877929688,137.3238067626953,163.2982635498047,244.30975341796875,96.83633422851562
2019-02-06,50.23512649536133,123.44000244140625,137.151123046875,162.81130981445312,243.98768615722656,96.8843765258789
2019-02-07,49.56595993041992,123.73999786376953,136.0243682861328,160.62484741210938,241.66172790527344,97.52474212646484
2019-02-08,49.40663528442383,124.20999908447266,136.16973876953125,160.93988037109375,241.95697021484375,97.94097900390625
2019-02-11,49.35883712768555,123.5999984741211,137.30557250976562,160.78709411621094,242.0911865234375,97.55675506591797
2019-02-12,49.93240737915039,123.86000061035156,139.02308654785156,163.16458129882812,245.2042999267578,97.30862426757812
2019-02-13,49.94036865234375,123.37000274658203,139.41380310058594,163.27915954589844,246.0004425048828,96.94038391113281
2019-02-14,49.9563102722168,124.05999755859375,139.7318878173828,163.47964477539062,245.4547576904297,97.49273681640625
2019-02-15,50.68122482299805,124.80000305175781,141.95819091796875,164.16709899902344,248.12953186035156,97.64481353759766
2019-02-19,50.87242126464844,126.69999694824219,142.34890747070312,164.49171447753906,248.55902099609375,97.89297485351562
2019-02-20,51.01581573486328,126.4800033569336,143.0214080810547,164.46310424804688,249.05996704101562,97.6128158569336
2019-02-21,50.912254333496094,125.05000305175781,142.47616577148438,163.86155700683594,248.17433166503906,96.7402572631836
2019-02-22,51.07954788208008,125.5,143.71202087402344,165.07412719726562,249.71299743652344,97.3166275024414
2019-02-25,51.230899810791016,125.37000274658203,143.7483367919922,165.67568969726562,250.0528564453125,97.02847290039062
2019-02-26,51.47785568237305,125.58000183105469,142.7578582763672,165.84756469726562,249.87400817871094,97.50872802734375
2019-02-27,51.270729064941406,124.69000244140625,142.95779418945312,165.74252319335938,249.76666259765625,96.40406036376953
2019-02-28,51.199039459228516,123.98999786376953,142.46705627441406,165.36062622070312,249.30152893066406,96.07585144042969
2019-03-01,51.47785568237305,121.87999725341797,143.79380798339844,166.50634765625,250.85806274414062,95.18779754638672
2019-03-04,51.28666687011719,121.55999755859375,142.4943389892578,166.53497314453125,249.94558715820312,95.93386840820312
2019-03-05,51.334468841552734,121.72000122070312,141.83102416992188,166.65911865234375,249.6056671142578,96.13439178466797
2019-03-06,51.207000732421875,121.61000061035156,139.0503387451172,165.71388244628906,248.09378051757812,96.48737335205078
2019-03-07,50.553768157958984,121.51000213623047,137.83267211914062,163.6801300048828,246.01837158203125,97.11308288574219
2019-03-08,50.561737060546875,122.83999633789062,137.79632568359375,163.43191528320312,245.5264129638672,97.52220153808594
2019-03-11,50.999874114990234,122.23999786376953,140.20436096191406,166.83096313476562,249.08677673339844,97.23344421386719
2019-03-12,50.968013763427734,122.9800033569336,140.2770538330078,167.74758911132812,250.02601623535156,97.91525268554688
2019-03-13,51.40615463256836,123.83999633789062,140.83140563964844,169.00790405273438,251.6810760498047,97.73075866699219
2019-03-14,51.398193359375,122.41000366210938,140.25889587402344,168.72146606445312,251.52005004882812,97.02484893798828
2019-03-15,51.95583724975586,122.97000122070312,140.63150024414062,170.28736877441406,252.76272583007812,97.66658020019531
2019-03-18,52.13905334472656,123.04000091552734,141.53111267089844,170.69288635253906,253.67913818359375,97.6104507446289
2019-03-19,52.24261474609375,123.37999725341797,140.813232421875,171.26686096191406,253.74209594726562,97.39386749267578
2019-03-20,52.266510009765625,124.18000030517578,139.6396942138672,171.94595336914062,252.97833251953125,98.41262817382812
2019-03-21,52.234649658203125,123.68000030517578,141.4710693359375,174.6338653564453,255.83558654785156,98.62921142578125
2019-03-22,51.230899810791016,123.97000122070312,136.3231964111328,170.79811096191406,250.9117431640625,100.16139221191406
2019-03-25,51.30259323120117,124.91999816894531,136.92454528808594,170.472900390625,250.72315979003906,100.32183074951172
2019-03-26,51.55751037597656,124.30000305175781,138.36410522460938,171.26686096191406,252.5919647216797,100.2496566772461
2019-03-27,51.581424713134766,123.6500015258789,137.82655334472656,170.16676330566406,251.2711639404297,101.17216491699219
2019-03-28,51.45395278930664,121.9000015258789,139.0565948486328,170.55902099609375,252.2235565185547,101.52507781982422
2019-03-29,51.66904067993164,122.01000213623047,139.4848175048828,171.8502960205078,253.81402587890625,101.42886352539062
2019-04-01,52.33024978637695,121.52999877929688,141.00640869140625,174.12686157226562,256.8239440917969,99.98816680908203
2019-04-02,52.34618377685547,121.9800033569336,140.64190673828125,174.78683471679688,256.94976806640625,100.17311096191406
2019-04-03,52.75246047973633,121.80000305175781,141.370849609375,175.7912139892578,257.3541259765625,99.3048324584961
2019-04-04,52.64093017578125,122.11000061035156,142.06329345703125,175.72425842285156,258.0369567871094,99.586181640625
2019-04-05,52.7763557434082,121.9800033569336,143.39358520507812,176.63294982910156,259.2859191894531,99.7148208618164
2019-04-08,52.808223724365234,122.51000213623047,143.15664672851562,177.08251953125,259.48358154296875,99.36109924316406
2019-04-09,52.47364044189453,123.1500015258789,141.40725708007812,176.4607696533203,258.1538391113281,99.67462921142578
2019-04-10,52.67279815673828,123.52999877929688,143.3297119140625,177.40774536132812,259.0343322753906,99.91584777832031
2019-04-11,52.5612678527832,121.94999694824219,143.14752197265625,176.9868927001953,258.9624328613281,99.32894897460938
2019-04-12,52.92771911621094,121.83000183105469,143.6668701171875,177.75209045410156,260.71466064453125,98.62140655517578
2019-04-15,52.95160675048828,121.5999984741211,143.20223999023438,177.7808074951172,260.5438537597656,98.87066650390625
2019-04-16,52.99143981933594,120.51000213623047,143.53932189941406,178.39297485351562,260.71466064453125,98.25163269042969
2019-04-17,53.14279556274414,120.27999877929688,142.2273406982422,179.01470947265625,260.0766296386719,98.29183197021484
2019-04-18,53.11093521118164,120.37000274658203,141.80812072753906,179.2442626953125,260.5887451171875,98.80636596679688
2019-04-22,53.02330780029297,120.37000274658203,141.43463134765625,179.75125122070312,260.8133544921875,98.33201599121094
2019-04-23,53.12687683105469,120.12000274658203,143.56661987304688,182.03736877441406,263.1585693359375,98.54107666015625
2019-04-24,52.76042556762695,120.47000122070312,144.01312255859375,181.4634552001953,262.5745544433594,99.34497833251953
2019-04-25,52.720584869384766,120.56999969482422,142.8195343017578,182.199951171875,262.41278076171875,99.20027160644531
2019-04-26,52.93567657470703,121.37000274658203,144.2044677734375,182.3625946044922,263.6347351074219,99.53795623779297
2019-04-29,53.150760650634766,120.83000183105469,144.89691162109375,182.7165069580078,264.048095703125,98.90281677246094
2019-04-30,53.1826286315918,121.19999694824219,144.22265625,181.30084228515625,264.1828308105469,99.40933990478516
2019-05-01,52.87991714477539,120.4000015258789,142.85595703125,180.71730041503906,262.1971130371094,99.81941986083984
2019-05-02,52.80024719238281,119.94000244140625,143.52110290527344,179.93296813964844,261.631103515625,99.34405517578125
2019-05-03,53.3658561706543,120.6500015258789,146.2636260986328,182.80258178710938,264.19189453125,99.62604522705078
2019-05-06,52.76042556762695,120.80999755859375,146.42759704589844,181.68345642089844,263.1047058105469,99.89994812011719
2019-05-07,51.83633804321289,121.20999908447266,143.53018188476562,178.14427185058594,258.7109375,100.66532897949219
2019-05-08,51.90006637573242,120.91000366210938,142.82864379882812,177.6947021484375,258.3514709472656,100.23027038574219
2019-05-09,51.66107177734375,121.19999694824219,142.30926513671875,176.73814392089844,257.56976318359375,100.64118957519531
2019-05-10,52.04345703125,121.43000030517578,142.70111083984375,176.95819091796875,258.8636779785156,100.50421142578125
2019-05-13,50.83259201049805,122.66999816894531,138.15451049804688,170.81727600097656,252.3583984375,101.29373168945312
2019-05-14,51.342430114746094,122.45999908447266,139.8948211669922,172.69203186035156,254.64056396484375,100.99563598632812
2019-05-15,51.5256462097168,122.38999938964844,140.35037231445312,175.1312255859375,256.13214111328125,101.61599731445312
2019-05-16,51.93990707397461,121.51000213623047,141.22503662109375,176.89122009277344,258.5042724609375,101.27761840820312
2019-05-17,51.59734344482422,120.6500015258789,139.25701904296875,175.08338928222656,256.8330078125,101.50323486328125
2019-05-20,51.390235900878906,120.63999938964844,138.2911834716797,172.12771606445312,255.13478088378906,101.29373168945312
2019-05-21,51.7327766418457,120.36000061035156,140.14993286132812,173.9259796142578,257.4349670410156,101.13258361816406
2019-05-22,51.5256462097168,120.23999786376953,138.97457885742188,173.15118408203125,256.6442565917969,101.71263885498047
2019-05-23,51.05563735961914,121.16999816894531,136.11361694335938,170.50155639648438,253.508544921875,102.85665893554688
2019-05-24,51.60531234741211,121.30000305175781,137.3892059326172,170.4154815673828,254.08351135253906,102.94532012939453
2019-05-28,51.10344314575195,120.83000183105469,136.29583740234375,169.77464294433594,251.72042846679688,103.68648529052734
2019-05-29,50.776817321777344,120.87000274658203,135.15696716308594,168.3780517578125,250.03111267089844,104.00067901611328
2019-05-30,50.968013763427734,121.69000244140625,134.7834014892578,169.08590698242188,250.71408081054688,104.8949203491211
2019-05-31,50.50597381591797,123.33000183105469,132.89730834960938,166.38848876953125,247.33563232421875,106.20817565917969
2019-06-03,50.800724029541016,125.11000061035156,133.36203002929688,162.72503662109375,246.70663452148438,106.91857147216797
2019-06-04,51.38226318359375,125.1500015258789,136.815185546875,167.3067626953125,252.0618133544922,105.69953918457031
2019-06-05,51.366329193115234,125.47000122070312,136.84251403808594,168.5502471923828,254.2452392578125,105.10215759277344
2019-06-06,51.57344436645508,125.87999725341797,136.48715209960938,169.88941955566406,255.8985137939453,105.44121551513672
2019-06-07,52.226680755615234,126.58999633789062,137.4529266357422,173.17030334472656,258.4593505859375,106.35345458984375
2019-06-10,52.37006759643555,125.33000183105469,138.2638702392578,175.18858337402344,259.6453857421875,105.3523941040039
2019-06-11,52.63296127319336,125.18000030517578,137.85386657714844,175.4276885986328,259.58245849609375,105.41698455810547
2019-06-12,52.24261474609375,125.83000183105469,138.00875854492188,174.41378784179688,259.124267578125,105.49774932861328
2019-06-13,52.290409088134766,126.5999984741211,139.46661376953125,175.44686889648438,260.19342041015625,105.86104583740234
2019-06-14,51.90803146362305,126.55999755859375,138.24566650390625,174.7007293701172,259.9059753417969,106.12742614746094
2019-06-17,51.94548034667969,126.4800033569336,139.19935607910156,175.7529296875,260.0047607421875,106.31305694580078
2019-06-18,52.63720703125,127.12000274658203,140.8176727294922,178.30691528320312,262.7272644042969,106.84597778320312
2019-06-19,52.96274185180664,127.88999938964844,141.3206024169922,178.9764404296875,263.3202819824219,106.99928283691406
2019-06-20,53.426612854003906,131.11000061035156,141.98805236816406,180.64088439941406,265.8361511230469,107.28184509277344
2019-06-21,53.198734283447266,131.97999572753906,140.7628173828125,180.3730010986328,265.44964599609375,106.10321807861328
2019-06-24,53.31267166137695,133.94000244140625,139.0530548095703,180.3787384033203,265.12469482421875,106.89437103271484
2019-06-25,52.99527359008789,134.1999969482422,138.2026824951172,177.2823028564453,262.5243835449219,107.22534942626953
2019-06-26,53.06038284301758,132.97000122070312,137.88267517089844,178.1067657470703,262.262451171875,106.53913879394531
2019-06-27,53.19059753417969,132.83999633789062,140.47024536132812,178.787353515625,263.19244384765625,107.28992462158203
2019-06-28,53.491703033447266,133.1999969482422,142.18008422851562,179.01747131347656,264.54681396484375,107.2173080444336
2019-07-01,53.74398422241211,130.6199951171875,142.7287139892578,181.4332275390625,266.948486328125,106.96653747558594
2019-07-02,53.89861297607422,133.41000366210938,141.86004638671875,182.15220642089844,267.643798828125,107.79158782958984
2019-07-03,54.26482391357422,133.6300048828125,142.875,183.5231475830078,269.7835693359375,108.56002044677734
2019-07-05,53.849788665771484,132.13999938964844,143.25900268554688,183.14923095703125,269.47662353515625,107.12020874023438
2019-07-08,53.540531158447266,131.2899932861328,141.89663696289062,181.86468505859375,267.99591064453125,107.26580047607422
2019-07-09,53.31267166137695,131.75,142.0885772705078,182.7753448486328,268.3299255371094,107.22533416748047
2019-07-10,53.499839782714844,133.8300018310547,142.33555603027344,184.5968017578125,269.612060546875,106.63489532470703
2019-07-11,53.48356628417969,132.6999969482422,141.64059448242188,184.4626007080078,270.2440490722656,105.21131134033203
2019-07-12,53.548675537109375,133.52999877929688,142.7378387451172,185.52667236328125,271.4539794921875,105.33257293701172
2019-07-15,53.59750747680664,133.52999877929688,141.98805236816406,186.12103271484375,271.5442199707031,105.93923950195312
2019-07-16,53.377769470214844,132.39999389648438,141.94235229492188,185.16238403320312,270.66839599609375,105.62377166748047
2019-07-17,53.30453109741211,134.5800018310547,140.92747497558594,184.2516632080078,268.82659912109375,106.76429748535156
2019-07-18,53.467288970947266,136.47999572753906,141.45773315429688,184.4626007080078,269.8106384277344,106.77245330810547
2019-07-19,53.31267166137695,134.47000122070312,140.64398193359375,183.11090087890625,268.3119201660156,106.52156829833984
2019-07-22,53.36963653564453,134.4499969482422,140.5159149169922,184.56800842285156,268.9710388183594,106.72383117675781
2019-07-23,53.70330047607422,133.69000244140625,141.4486083984375,185.77593994140625,270.8941955566406,106.14143371582031
2019-07-24,53.74398422241211,134.3699951171875,143.789306640625,187.0796661376953,272.1672668457031,106.60247802734375
2019-07-25,53.198734283447266,133.4199981689453,142.0520477294922,185.30616760253906,270.86712646484375,106.09297180175781
2019-07-26,53.30453109741211,133.63999938964844,143.73443603515625,187.2138671875,272.6817932128906,106.34365844726562
2019-07-29,53.418460845947266,134.52999877929688,142.77439880371094,186.5715789794922,272.18524169921875,106.37606048583984
2019-07-30,52.79996871948242,134.97999572753906,144.3196258544922,185.76629638671875,271.5171203613281,106.63489532470703
2019-07-31,52.450035095214844,133.2100067138672,143.14927673339844,183.19720458984375,268.5467224121094,107.4922866821289
2019-08-01,52.30354309082031,136.41000366210938,141.07373046875,182.2864532470703,266.20819091796875,109.62716674804688
2019-08-02,51.83967208862305,135.88999938964844,139.5101776123047,179.60226440429688,264.2037048339844,110.64026641845703
2019-08-05,50.54572296142578,137.7899932861328,135.32254028320312,173.25599670410156,256.25830078125,112.55302429199219
2019-08-06,50.88751220703125,138.91000366210938,136.56602478027344,175.681396484375,259.8517761230469,113.45270538330078
2019-08-07,51.08282470703125,141.02000427246094,136.52944946289062,176.6304473876953,260.0052795410156,113.4931640625
2019-08-08,51.57925033569336,141.72999572753906,139.47360229492188,180.47462463378906,265.106689453125,113.736328125
2019-08-09,51.22117614746094,141.25999450683594,137.71807861328125,178.77781677246094,263.3008728027344,113.5093994140625
2019-08-12,50.814273834228516,142.6300048828125,135.93511962890625,176.72630310058594,260.0956115722656,115.8759994506836
2019-08-13,51.2944221496582,141.77999877929688,137.39808654785156,180.5992431640625,264.1405029296875,115.4789047241211
2019-08-14,49.88653564453125,142.75,133.55784606933594,175.20205688476562,256.33056640625,118.08053588867188
2019-08-15,50.05742263793945,143.6999969482422,133.0275115966797,175.00071716308594,257.0076599121094,119.3935317993164
2019-08-16,50.659645080566406,142.77999877929688,135.89857482910156,177.8095703125,260.7998352050781,118.43714141845703
2019-08-19,50.968902587890625,141.11000061035156,137.27003479003906,180.6375274658203,263.94189453125,116.74324798583984
2019-08-20,50.79799270629883,142.2100067138672,136.37399291992188,179.2379608154297,261.9195251464844,117.95087432861328
2019-08-21,51.156070709228516,141.75999450683594,137.49864196777344,180.82931518554688,264.0503234863281,117.1646957397461
2019-08-22,51.058414459228516,141.39999389648438,137.17864990234375,180.24453735351562,263.968994140625,116.38664245605469
2019-08-23,50.42364501953125,144.1699981689453,132.97265625,174.54063415527344,257.1883850097656,118.29937744140625
2019-08-26,50.83869171142578,144.19000244140625,134.43556213378906,177.17686462402344,260.0323791503906,117.82113647460938
2019-08-27,50.79799270629883,145.57000732421875,132.44232177734375,176.80300903320312,259.01214599609375,119.6367416381836
2019-08-28,50.79799270629883,145.16000366210938,133.9875946044922,177.43568420410156,260.8360290527344,119.79067993164062
2019-08-29,51.237457275390625,144.1199951171875,136.33743286132812,180.148681640625,264.1675720214844,119.33686065673828
2019-08-30,51.44091033935547,143.75,136.09056091308594,179.71731567382812,264.0503234863281,119.36925506591797
2019-09-03,51.3432502746582,145.75,134.09727478027344,177.97251892089844,262.50628662109375,119.52352905273438
2019-09-04,52.067543029785156,146.66000366210938,135.17617797851562,180.5417022705078,265.48583984375,119.70214080810547
2019-09-05,52.344234466552734,143.13999938964844,137.69068908691406,183.8490753173828,268.89874267578125,117.53428649902344
2019-09-06,52.51513671875,141.9199981689453,137.05972290039062,183.66690063476562,269.1064147949219,118.37055206298828
2019-09-09,52.66975784301758,141.38999938964844,138.89761352539062,183.28346252441406,269.2418518066406,116.26769256591797
2019-09-10,52.75927734375,140.17999267578125,140.67141723632812,182.7561492919922,269.17864990234375,114.22970581054688
2019-09-11,53.0522575378418,141.02999877929688,143.5515594482422,184.47218322753906,271.0928039550781,114.02681732177734
2019-09-12,53.36149978637695,141.32000732421875,143.58815002441406,185.23907470703125,272.0318298339844,113.27978515625
2019-09-13,53.66261672973633,140.14999389648438,143.8350067138672,184.5775909423828,271.851318359375,110.86026000976562
2019-09-16,53.18246078491211,141.32000732421875,144.37451171875,183.75314331054688,271.0115051269531,112.27297973632812
2019-09-17,53.36149978637695,141.60000610351562,143.99960327148438,184.63511657714844,271.6977233886719,112.8819580078125
2019-09-18,53.29639434814453,140.7100067138672,143.1127166748047,184.55844116210938,271.86029052734375,113.36100769042969
2019-09-19,53.47542953491211,141.27999877929688,142.4177703857422,184.86520385742188,271.8421936035156,113.70199584960938
2019-09-20,53.35335922241211,142.9499969482422,142.1160430908203,182.90957641601562,270.5577697753906,115.20404052734375
2019-09-23,53.21501159667969,143.75,142.00631713867188,182.9903106689453,270.4943542480469,115.1796646118164
2019-09-24,53.01155090332031,144.50999450683594,139.86294555664062,180.55996704101562,268.3717041015625,116.56805419921875
2019-09-25,52.85693359375,141.8300018310547,141.39527893066406,182.5868377685547,269.9590759277344,114.86309051513672
2019-09-26,53.0522575378418,141.7899932861328,139.81703186035156,181.91441345214844,269.39678955078125,115.60192108154297
2019-09-27,52.87321853637695,141.05999755859375,138.69764709472656,179.6570587158203,267.9454345703125,115.88604736328125
2019-09-30,53.06852340698242,138.8699951171875,138.86282348632812,181.36688232421875,269.1881103515625,116.17031860351562
2019-10-01,52.54768753051758,139.6300048828125,136.1376190185547,179.8875732421875,265.9861755371094,116.51996612548828
2019-10-02,51.47346496582031,141.25999450683594,135.1100311279297,176.79454040527344,261.28765869140625,116.80467987060547
2019-10-03,51.81525421142578,141.89999389648438,135.5595703125,178.73489379882812,263.42828369140625,117.87013244628906
2019-10-04,52.222171783447266,141.89999389648438,136.8441925048828,181.36688232421875,266.9930419921875,118.74043273925781
2019-10-07,52.15705871582031,140.69000244140625,136.60560607910156,180.81935119628906,265.8410949707031,117.75627899169922
2019-10-08,51.66877746582031,141.9199981689453,134.3851318359375,178.1104736328125,261.7140197753906,118.07347106933594
2019-10-09,52.04313278198242,142.0500030517578,134.99990844726562,179.84918212890625,264.1993103027344,117.40655517578125
2019-10-10,52.40934371948242,140.80999755859375,135.5412139892578,181.24203491210938,265.9861755371094,115.65782928466797
2019-10-11,53.34523010253906,140.02999877929688,137.8351593017578,183.57623291015625,268.7436828613281,114.22639465332031
2019-10-14,53.12549591064453,140.58999633789062,137.3304901123047,183.55697631835938,268.4443664550781,115.0560302734375
2019-10-15,53.74398422241211,139.61000061035156,138.9086456298828,185.89117431640625,271.10205078125,113.6651840209961
2019-10-16,53.82536315917969,140.41000366210938,139.05548095703125,185.4301300048828,270.6666259765625,113.80339813232422
2019-10-17,53.95557403564453,140.61000061035156,140.69790649414062,185.9199981689453,271.4648742675781,113.52684020996094
2019-10-18,53.93116760253906,140.4600067138672,140.028076171875,184.13331604003906,270.276611328125,113.52684020996094
2019-10-21,54.22413635253906,139.7899932861328,141.3402099609375,185.7662811279297,272.1089172363281,112.67290496826172
2019-10-22,54.09392166137695,140.1999969482422,141.49618530273438,184.2870330810547,271.2198791503906,113.33168029785156
2019-10-23,54.386898040771484,140.52999877929688,141.6704864501953,184.64242553710938,272.00909423828125,113.44549560546875
2019-10-24,54.48455810546875,141.52999877929688,141.46865844726562,186.43875122070312,272.4534912109375,113.21780395507812
2019-10-25,54.54152297973633,141.86000061035156,142.22105407714844,187.9276123046875,273.5692138671875,112.6647720336914
2019-10-28,54.785667419433594,140.63999938964844,143.45059204101562,189.7815399169922,275.11114501953125,111.63992309570312
2019-10-29,54.76939392089844,140.25,143.9185333251953,188.31187438964844,275.02960205078125,111.71308898925781
2019-10-30,54.997257232666016,141.02000427246094,143.44137573242188,189.2244415283203,275.8731994628906,113.34793853759766
2019-10-31,54.86704635620117,142.42999267578125,142.63389587402344,189.31082153320312,275.1384582519531,114.87702941894531
2019-11-01,55.35532760620117,142.55999755859375,145.0655059814453,191.03024291992188,277.6872253417969,114.52342987060547
2019-11-04,55.640159606933594,142.14999389648438,145.84539794921875,192.21182250976562,278.8029479980469,113.01610565185547
2019-11-05,55.53437042236328,139.85000610351562,146.02891540527344,192.31747436523438,278.4945373535156,111.74512481689453
2019-11-06,55.509944915771484,140.4499969482422,145.18475341796875,191.8852081298828,278.5580749511719,112.42134857177734
2019-11-07,55.68085479736328,138.27000427246094,145.5701141357422,192.52874755859375,279.53765869140625,110.38444519042969
2019-11-08,55.64829635620117,137.38999938964844,145.96466064453125,193.2972412109375,280.22698974609375,109.92003631591797
2019-11-11,55.57505416870117,137.05999755859375,145.6893768310547,193.0379180908203,279.69189453125,109.99333190917969
2019-11-12,55.59947967529297,137.42999267578125,145.73529052734375,193.5950164794922,280.2814636230469,110.49845123291016
2019-11-13,55.404151916503906,137.97999572753906,145.11134338378906,193.64308166503906,280.3721923828125,111.2154769897461
2019-11-14,55.24953079223633,138.55999755859375,145.0655059814453,193.48939514160156,280.78033447265625,112.36434936523438
2019-11-15,55.59947967529297,138.2100067138672,145.81784057617188,194.9110565185547,282.8121643066406,112.24208068847656
2019-11-18,55.664581298828125,138.6199951171875,145.45082092285156,195.06471252441406,283.0207824707031,112.44577026367188
2019-11-19,55.591339111328125,138.69000244140625,145.9921875,195.35287475585938,282.9391174316406,113.38274383544922
2019-11-20,55.24140167236328,138.75999450683594,145.44168090820312,194.1809539794922,281.8869323730469,114.55596160888672
2019-11-21,55.16814422607422,138.0,144.72596740722656,193.74868774414062,281.4333801269531,113.83902740478516
2019-11-22,55.32278823852539,137.74000549316406,145.17556762695312,193.8736114501953,282.0592956542969,113.98567199707031
2019-11-25,55.762229919433594,137.0800018310547,148.258544921875,196.1693878173828,284.24530029296875,114.31974792480469
2019-11-26,55.72969055175781,137.74000549316406,148.35951232910156,196.54403686523438,284.8893127441406,114.98784637451172
2019-11-27,55.876163482666016,137.00999450683594,149.405517578125,197.9176483154297,286.15911865234375,114.65380096435547
2019-11-29,55.485538482666016,137.86000061035156,148.4329071044922,197.01473999023438,285.09796142578125,114.40933227539062
2019-12-02,55.200714111328125,137.7899932861328,146.98316955566406,194.99745178222656,282.6761779785156,112.8839111328125
2019-12-03,54.997257232666016,139.11000061035156,146.5152130126953,193.4701690673828,280.78033447265625,115.25080108642578
2019-12-04,55.5018196105957,138.9199981689453,147.5245361328125,194.44998168945312,282.51287841796875,114.10005187988281
2019-12-05,55.39602279663086,139.0,147.6713104248047,194.83421325683594,283.0207824707031,113.5450668334961
2019-12-06,55.90058135986328,137.6199951171875,149.39634704589844,196.9186248779297,285.60595703125,112.91656494140625
2019-12-09,55.607601165771484,137.5800018310547,149.11187744140625,196.02529907226562,284.7078552246094,113.16142272949219
2019-12-10,55.632022857666016,137.97000122070312,149.20367431640625,195.86195373535156,284.3905334472656,113.16962432861328
2019-12-11,55.92499923706055,138.9199981689453,149.15777587890625,196.89942932128906,285.1977233886719,114.05924987792969
2019-12-12,56.299346923828125,138.42999267578125,150.4423828125,198.36912536621094,287.6557922363281,112.18203735351562
2019-12-13,56.68998336791992,139.0500030517578,149.86428833007812,199.02230834960938,287.8282470703125,113.479736328125
2019-12-16,57.295692443847656,139.0399932861328,150.92059326171875,201.0203094482422,289.8055725097656,112.45954895019531
2019-12-17,56.966495513916016,139.00999450683594,151.67575073242188,201.13551330566406,289.8690490722656,112.30448913574219
2019-12-18,56.892425537109375,139.02000427246094,151.97039794921875,201.28929138183594,289.88720703125,111.38220977783203
2019-12-19,56.892425537109375,139.3800048828125,152.62425231933594,202.54762268066406,291.07550048828125,111.56039428710938
2019-12-20,56.93357467651367,139.52000427246094,152.84530639648438,203.36410522460938,292.35162353515625,111.70752716064453
2019-12-23,57.02410888671875,139.9499969482422,153.14923095703125,203.90127563476562,292.79815673828125,111.54405975341797
2019-12-24,56.966495513916016,141.27000427246094,153.49917602539062,204.00718688964844,292.8073425292969,111.86283874511719
2019-12-26,57.21338653564453,142.3800048828125,153.49917602539062,205.80734252929688,294.36614990234375,112.13261413574219
2019-12-27,57.3121452331543,142.3300018310547,152.74400329589844,205.6340789794922,294.29315185546875,112.25525665283203
2019-12-30,56.88420486450195,142.6300048828125,152.35723876953125,204.286376953125,292.6706237792969,111.84651184082031
2019-12-31,57.14754867553711,142.89999389648438,152.56903076171875,204.6714324951172,293.38165283203125,110.75109100341797
2020-01-02,57.7236442565918,143.9499969482422,152.6703643798828,208.0888671875,296.1253356933594,112.00184631347656
2020-01-03,57.007652282714844,145.86000061035156,152.07176208496094,206.1827850341797,293.8829040527344,113.72672271728516
2020-01-06,57.2298583984375,147.38999938964844,152.2743682861328,207.51126098632812,295.004150390625,113.0809326171875
2020-01-07,57.073482513427734,147.97000122070312,151.767822265625,207.4823760986328,294.1746520996094,112.52500915527344
2020-01-08,57.238075256347656,146.86000061035156,152.23751831054688,209.0418701171875,295.742431640625,111.7811279296875
2020-01-09,57.3697509765625,146.02999877929688,152.42169189453125,210.813232421875,297.7477722167969,112.17349243164062
2020-01-10,57.15578842163086,146.91000366210938,151.85072326660156,210.27410888671875,296.8909912109375,113.17080688476562
2020-01-13,57.45204544067383,145.82000732421875,152.83612060546875,212.70004272460938,298.9327392578125,112.8275146484375
2020-01-14,57.509647369384766,145.69000244140625,153.39788818359375,211.8624725341797,298.4770202636719,113.40788269042969
2020-01-15,57.509647369384766,146.5399932861328,154.1345977783203,211.94912719726562,299.1514892578125,114.15999603271484
2020-01-16,57.748329162597656,146.30999755859375,156.12379455566406,213.9803466796875,301.6400146484375,113.80033874511719
2020-01-17,57.9211540222168,146.5800018310547,155.7001495361328,215.039306640625,302.5788879394531,112.8275146484375
2020-01-21,57.460289001464844,146.74000549316406,154.41085815429688,214.94300842285156,301.986328125,114.01280975341797
2020-01-22,57.575496673583984,146.7899932861328,154.30953979492188,215.51097106933594,302.0227355957031,114.41338348388672
2020-01-23,57.43558883666992,147.1199951171875,154.20826721191406,216.20411682128906,302.369140625,115.2145004272461
2020-01-24,57.18868637084961,147.97999572753906,152.31117248535156,214.38462829589844,299.6801452636719,116.14643859863281
2020-01-27,56.00361633300781,148.99000549316406,150.57980346679688,209.9564666748047,294.87640380859375,117.95305633544922
2020-01-28,56.530311584472656,147.66000366210938,151.83224487304688,213.1813507080078,297.966552734375,117.02926635742188
2020-01-29,56.5385627746582,148.4600067138672,150.9666290283203,213.52792358398438,297.720458984375,118.1737060546875
2020-01-30,56.489166259765625,148.47000122070312,150.9666290283203,214.28843688964844,298.6866455078125,118.1900863647461
2020-01-31,55.53451919555664,149.3300018310547,147.8354949951172,210.89022827148438,293.2631530761719,119.26914978027344
2020-02-03,55.66619110107422,148.36000061035156,149.48399353027344,214.0765838623047,295.44171142578125,119.17249298095703
2020-02-04,56.59614944458008,146.42999267578125,151.74020385742188,218.97657775878906,299.9445495605469,117.56766510009766
2020-02-05,57.13932418823242,146.61000061035156,154.07936096191406,219.69854736328125,303.40826416015625,116.2820053100586
2020-02-06,57.295692443847656,147.39999389648438,153.7293701171875,221.59503173828125,304.4292297363281,116.80607604980469
2020-02-07,56.75251770019531,147.7899932861328,151.84149169921875,220.64195251464844,302.8067321777344,118.26358795166016
2020-02-10,56.86773681640625,148.1699981689453,152.69796752929688,223.3085174560547,305.0672302246094,118.59117889404297
2020-02-11,57.25454330444336,147.66000366210938,153.7570343017578,223.34706115722656,305.5960693359375,117.99349212646484
2020-02-12,57.45204544067383,147.5399932861328,154.8160858154297,225.52267456054688,307.5649108886719,117.3957290649414
2020-02-13,57.048797607421875,148.3800048828125,155.22129821777344,225.23385620117188,307.23663330078125,117.84602355957031
2020-02-14,56.950035095214844,149.0,154.6227264404297,225.87884521484375,307.7289123535156,118.36183166503906
2020-02-18,56.58793258666992,150.91000366210938,154.29112243652344,225.96548461914062,306.9359436035156,119.17249298095703
2020-02-19,56.7772102355957,151.7899932861328,155.0831298828125,228.13143920898438,308.4034729003906,119.164306640625
2020-02-20,56.43980026245117,152.41000366210938,155.46075439453125,226.01361083984375,307.1364440917969,120.09783935546875
2020-02-21,56.17644500732422,154.6999969482422,153.88595581054688,221.67201232910156,303.9734802246094,121.21961212158203
2020-02-24,53.92972183227539,156.08999633789062,149.25372314453125,213.12356567382812,293.89208984375,123.0292739868164
2020-02-25,53.040897369384766,153.3000030517578,143.94918823242188,207.328369140625,284.9866027832031,123.68431854248047
2020-02-26,53.10673522949219,153.97000122070312,142.28233337402344,208.39694213867188,283.9382629394531,123.0292739868164
2020-02-27,51.53484344482422,154.0,137.2725372314453,197.96163940429688,271.1861572265625,124.36396789550781
2020-02-28,51.22211456298828,148.3800048828125,134.7583770751953,198.11570739746094,270.0467529296875,127.17247772216797
2020-03-02,51.880496978759766,149.1999969482422,139.0867462158203,208.33914184570312,281.7414245605469,126.23686981201172
2020-03-03,51.46078109741211,153.88999938964844,136.2502899169922,201.65826416015625,273.67462158203125,128.1967315673828
2020-03-04,52.999755859375,154.16000366210938,140.12738037109375,210.07191467285156,285.17791748046875,126.83547973632812
2020-03-05,51.59245681762695,157.49000549316406,135.67013549804688,203.68948364257812,275.6982421875,129.99264526367188
2020-03-06,50.8188591003418,157.5500030517578,132.9810028076172,200.25282287597656,271.14056396484375,136.75807189941406
2020-03-09,46.876792907714844,157.80999755859375,120.05130004882812,186.3423614501953,249.96591186523438,140.46449279785156
2020-03-10,48.60504913330078,154.47999572753906,123.79945373535156,196.48878479003906,262.90045166015625,133.26455688476562
2020-03-11,46.12788772583008,153.92999267578125,115.9255599975586,187.93077087402344,250.08448791503906,128.36070251464844
2020-03-12,41.058353424072266,147.7899932861328,103.11556243896484,170.69915771484375,226.15707397460938,129.1562042236328
2020-03-13,43.54373550415039,143.27999877929688,110.0224838256836,185.15830993652344,245.49041748046875,126.23686981201172
2020-03-16,39.05027770996094,141.63999938964844,95.42586517333984,162.97854614257812,218.62791442871094,134.41268920898438
2020-03-17,40.951358795166016,143.55999755859375,99.80023956298828,175.33912658691406,230.4320831298828,125.44957733154297
2020-03-18,38.60586929321289,140.6999969482422,92.06451416015625,170.00604248046875,218.76461791992188,118.3727035522461
2020-03-19,39.206642150878906,138.0399932861328,95.65611267089844,171.02642822265625,219.2294921875,121.5954360961914
2020-03-20,38.721092224121094,140.11000061035156,93.38140869140625,164.3262939453125,209.78201293945312,130.7388916015625
2020-03-23,38.26844787597656,146.3000030517578,92.00003814697266,164.44491577148438,204.41827392578125,136.12649536132812
2020-03-24,41.5109748840332,153.39999389648438,100.41725158691406,177.17916870117188,222.93919372558594,133.59259033203125
2020-03-25,42.86067581176758,151.3000030517578,101.66531372070312,175.86712646484375,226.27662658691406,133.28916931152344
2020-03-26,44.77820587158203,153.24000549316406,107.98876953125,185.12835693359375,239.4888916015625,133.94520568847656
2020-03-27,43.502593994140625,152.25,104.05970764160156,178.7612762451172,232.35556030273438,137.5206298828125
2020-03-30,44.383182525634766,152.9199981689453,106.35244750976562,185.263427734375,239.9015350341797,136.388916015625
2020-03-31,43.996376037597656,148.0500030517578,105.81623077392578,183.6813201904297,236.3256378173828,135.28184509277344
2020-04-01,42.04592514038086,149.4499969482422,98.60527801513672,175.87677001953125,225.68983459472656,137.17727661132812
2020-04-02,42.868892669677734,151.89999389648438,99.53900146484375,179.4462127685547,230.89773559570312,138.04779052734375
2020-04-03,41.889556884765625,152.64999389648438,96.71932220458984,176.8994140625,227.56028747558594,138.3762969970703
2020-04-06,44.11158752441406,156.8800048828125,104.12442779541016,189.54681396484375,242.84466552734375,138.01490783691406
2020-04-07,44.358489990234375,156.0399932861328,104.39252471923828,189.46957397460938,243.0922393798828,136.56951904296875
2020-04-08,44.72059631347656,154.64999389648438,109.15361785888672,193.49246215820312,251.2525177001953,135.57583618164062
2020-04-09,45.732852935791016,158.69000244140625,114.376953125,193.77223205566406,255.07579040527344,135.82228088378906
2020-04-13,45.29668426513672,161.41000366210938,111.2799072265625,195.8656005859375,252.7469940185547,134.58226013183594
2020-04-14,46.10319900512695,162.67999267578125,113.53567504882812,204.3840789794922,260.201171875,134.54931640625
2020-04-15,44.662986755371094,161.85000610351562,108.90401458740234,202.03977966308594,254.67236328125,138.11346435546875
2020-04-16,44.68766784667969,161.7100067138672,108.08120727539062,205.7249755859375,255.9010467529297,139.68202209472656
2020-04-17,45.87276077270508,158.57000732421875,112.84229278564453,207.69302368164062,262.8143310546875,137.80955505371094
2020-04-20,45.189693450927734,159.6999969482422,111.51104736328125,205.23297119140625,258.1840515136719,138.91822814941406
2020-04-21,44.309104919433594,158.61000061035156,108.84854125976562,197.66000366210938,250.3447265625,140.6674346923828
2020-04-22,45.05801773071289,161.72999572753906,110.17053985595703,203.52545166015625,255.9010467529297,139.23031616210938
2020-04-23,44.91810989379883,163.33999633789062,111.25221252441406,203.09133911132812,255.88272094726562,139.96945190429688
2020-04-24,45.43657684326172,162.63999938964844,113.16586303710938,206.294189453125,259.4493103027344,140.29788208007812
2020-04-27,46.037357330322266,161.55999755859375,117.64958953857422,207.95347595214844,263.1901550292969,137.6864776611328
2020-04-28,46.38300704956055,160.83999633789062,119.3598861694336,204.03677368164062,261.9799499511719,139.27134704589844
2020-04-29,47.54340744018555,161.72999572753906,125.23039245605469,211.27210998535156,268.83819580078125,138.5487060546875
2020-04-30,46.55583190917969,158.8000030517578,120.46927642822266,211.1852569580078,266.33514404296875,136.93087768554688
2020-05-01,45.5435676574707,159.77999877929688,115.6897201538086,205.23297119140625,259.2842712402344,138.1034393310547
2020-05-04,45.52711486816406,160.33999633789062,116.18890380859375,207.62548828125,259.9994812011719,137.45388793945312
2020-05-05,45.60940933227539,161.02000427246094,117.08566284179688,209.9793701171875,262.40167236328125,136.57406616210938
2020-05-06,45.31314468383789,158.9499969482422,116.22590637207031,211.27210998535156,260.6229553222656,134.3702850341797
2020-05-07,45.996212005615234,161.38999938964844,117.81600952148438,213.9925994873047,263.7677917480469,136.61524963378906
2020-05-08,46.77803421020508,160.4199981689453,122.36447143554688,216.92532348632812,268.13226318359375,134.8389892578125
2020-05-11,46.73688888549805,159.4199981689453,121.7542724609375,218.86439514160156,268.1872253417969,133.78646850585938
2020-05-12,46.14434051513672,160.0399932861328,117.38150787353516,214.28201293945312,262.8418273925781,135.15966796875
2020-05-13,45.790470123291016,161.5800018310547,113.45246124267578,211.60011291503906,258.1932373046875,136.10533142089844
2020-05-14,45.35429000854492,163.00999450683594,113.82225799560547,214.00221252441406,261.2831115722656,137.43748474121094
2020-05-15,45.39543914794922,163.92999267578125,115.63422393798828,215.39141845703125,262.4842529296875,137.08387756347656
2020-05-18,47.23067092895508,162.69000244140625,122.6603012084961,219.4045867919922,270.4793395996094,134.07427978515625
2020-05-19,46.580528259277344,164.25999450683594,120.2381362915039,218.85475158691406,267.7012634277344,134.57591247558594
2020-05-20,47.551639556884766,164.64999389648438,123.88060760498047,223.22488403320312,272.24896240234375,134.97877502441406
2020-05-21,47.000240325927734,162.25,124.10249328613281,220.79379272460938,270.3694152832031,135.31593322753906
2020-05-22,46.868560791015625,163.2100067138672,124.70337677001953,221.55592346191406,270.8828125,136.1300048828125
2020-05-26,48.210018157958984,160.88999938964844,128.29962158203125,220.95785522460938,274.2202453613281,134.3044891357422
2020-05-27,48.794334411621094,161.17999267578125,132.28414916992188,222.16368103027344,278.3004455566406,134.05784606933594
2020-05-28,49.255191802978516,161.72000122070312,129.150146484375,221.87429809570312,277.7868957519531,133.56443786621094
2020-05-29,49.082374572753906,162.91000366210938,128.4105987548828,225.1253662109375,279.0246887207031,134.51837158203125
2020-06-01,50.176937103271484,163.66000366210938,129.64013671875,225.80068969726562,280.1524658203125,133.6125946044922
2020-06-02,50.64603042602539,162.60000610351562,130.71255493164062,227.31527709960938,282.4721984863281,133.12686157226562
2020-06-03,51.855804443359375,159.60000610351562,133.8650665283203,228.33787536621094,286.2314147949219,131.356689453125
2020-06-04,51.63360595703125,161.27999877929688,133.67088317871094,226.73643493652344,285.4794921875,129.4547882080078
2020-06-05,52.522422790527344,158.00999450683594,138.83876037597656,231.23202514648438,292.7962341308594,128.53257751464844
2020-06-08,53.20549774169922,159.72000122070312,141.52899169921875,233.02638244628906,296.33538818359375,129.0265655517578
2020-06-09,52.514190673828125,161.25999450683594,138.91270446777344,234.71458435058594,294.1257629394531,130.4921417236328
2020-06-10,52.39897155761719,163.57000732421875,135.1407928466797,237.5316162109375,292.48455810546875,132.42698669433594
2020-06-11,49.592620849609375,162.38999938964844,124.83283233642578,225.76214599609375,275.6231689453125,134.92996215820312
2020-06-12,50.44851303100586,162.6199951171875,127.82813262939453,227.55642700195312,278.92388916015625,133.62908935546875
2020-06-15,50.655513763427734,162.3300018310547,130.7835235595703,230.3251953125,281.5278625488281,133.70326232910156
2020-06-16,51.28150939941406,162.25,133.9281005859375,234.28053283691406,286.9465637207031,131.65304565429688
2020-06-17,51.473480224609375,162.55999755859375,131.50704956054688,235.0233154296875,285.7546081542969,132.19650268554688
2020-06-18,51.19804000854492,162.24000549316406,131.46070861816406,235.66006469726562,285.86468505859375,133.59620666503906
2020-06-19,50.9476432800293,164.02999877929688,130.7835235595703,235.6214599609375,284.2309875488281,133.70326232910156
2020-06-22,51.556949615478516,165.08999633789062,132.09144592285156,238.44717407226562,286.0543518066406,133.71963500976562
2020-06-23,51.84073257446289,166.47999572753906,132.64804077148438,240.47662353515625,287.3712463378906,132.80575561523438
2020-06-24,50.51362228393555,165.89999389648438,128.34393310546875,235.51902770996094,280.0408020019531,134.23011779785156
2020-06-25,51.23142623901367,165.8000030517578,130.28262329101562,237.76101684570312,283.0429992675781,134.6171112060547
2020-06-26,50.488582611083984,166.5399932861328,126.77623748779297,232.1463165283203,276.3202209472656,136.05799865722656
2020-06-29,50.89755630493164,166.6300048828125,130.92262268066406,234.67828369140625,280.3815612792969,135.6298065185547
2020-06-30,50.80575180053711,167.3699951171875,132.8150177001953,239.2782745361328,283.9730224609375,134.97116088867188
2020-07-01,50.997718811035156,166.6199951171875,131.5534210205078,242.0711212158203,285.9622497558594,134.70901489257812
2020-07-02,51.556949615478516,166.97999572753906,132.09144592285156,243.71400451660156,287.5370178222656,134.8491668701172
2020-07-06,52.399959564208984,167.97999572753906,133.04689025878906,249.7056884765625,291.97576904296875,134.29689025878906
2020-07-07,51.63206481933594,169.0399932861328,130.69078063964844,247.98544311523438,288.9644775390625,136.18458557128906
2020-07-08,52.06608581542969,170.08999633789062,131.66473388671875,251.25184631347656,291.1746520996094,135.6404571533203
2020-07-09,51.473480224609375,169.6300048828125,129.00250244140625,253.36819458007812,289.51702880859375,137.8002166748047
2020-07-10,52.02436065673828,169.19000244140625,131.08030700683594,255.09811401367188,292.4731140136719,137.10775756835938
2020-07-13,51.690486907958984,169.39999389648438,129.419921875,249.85057067871094,289.9405822753906,137.56114196777344
2020-07-14,52.450035095214844,170.19000244140625,131.56272888183594,251.6190643310547,293.6978759765625,137.75892639160156
2020-07-15,53.04263687133789,170.33999633789062,136.38623046875,252.13121032714844,296.39617919921875,137.115966796875
2020-07-16,52.7004280090332,168.72999572753906,135.5792694091797,250.41111755371094,295.4200744628906,137.7672119140625
2020-07-17,53.00925064086914,170.1199951171875,135.97813415527344,250.70103454589844,296.2764892578125,137.4786834716797
2020-07-20,53.26799774169922,170.94000244140625,135.39376831054688,257.8135986328125,298.6708679199219,137.816650390625
2020-07-21,53.376502990722656,173.0,137.3138427734375,255.12709045410156,299.3063659667969,137.89913940429688
2020-07-22,53.518394470214844,175.6300048828125,137.38809204101562,256.0258483886719,301.0099792480469,138.31124877929688
2020-07-23,53.09272003173828,177.17999267578125,137.52728271484375,249.33836364746094,297.4184265136719,139.92691040039062
2020-07-24,52.80058670043945,178.6999969482422,135.50503540039062,246.97073364257812,295.5029602050781,139.918701171875
2020-07-27,53.493350982666016,182.22999572753906,136.91500854492188,251.3774871826172,297.6579284667969,139.39935302734375
2020-07-28,53.15114974975586,183.75,135.55145263671875,248.17869567871094,295.76995849609375,140.36375427246094
2020-07-29,53.710365295410156,185.1300048828125,138.53834533691406,251.03929138183594,299.40765380859375,140.12474060058594
2020-07-30,52.91743850708008,183.75999450683594,137.99102783203125,252.353515625,298.3393859863281,141.0479736328125
2020-07-31,51.790653228759766,185.42999267578125,136.69241333007812,256.8569030761719,300.69683837890625,140.957275390625
2020-08-03,52.80058670043945,185.63999938964844,138.91867065429688,260.3262634277344,302.78741455078125,140.24761962890625
2020-08-04,53.09272003173828,189.58999633789062,139.8740692138672,261.2926025390625,303.9569396972656,141.5844268798828
2020-08-05,53.26799774169922,191.35000610351562,142.65692138671875,261.9400939941406,305.8448181152344,140.3466796875
2020-08-06,53.3264274597168,193.88999938964844,142.60125732421875,265.4095458984375,307.8891906738281,141.130615234375
2020-08-07,53.10941696166992,190.80999755859375,144.86460876464844,262.3460388183594,308.1102600097656,140.18983459472656
2020-08-10,53.28468704223633,190.14999389648438,146.36732482910156,261.2249755859375,309.03118896484375,139.5626983642578
2020-08-11,53.476661682128906,179.94000244140625,145.52325439453125,256.277099609375,306.48028564453125,137.90396118164062
2020-08-12,54.66188049316406,179.10000610351562,146.11688232421875,262.7228698730469,310.7532958984375,136.64956665039062
2020-08-13,54.419830322265625,183.3300018310547,145.81076049804688,263.32208251953125,310.1915283203125,135.18896484375
2020-08-14,54.085968017578125,182.5399932861328,145.718017578125,263.0128479003906,310.2007141113281,134.66078186035156
2020-08-17,54.49495315551758,186.5,146.46937561035156,266.06671142578125,311.1860656738281,134.99920654296875
2020-08-18,54.4615592956543,188.17999267578125,145.0686798095703,268.62762451171875,311.8584289550781,135.96466064453125
2020-08-19,54.21950912475586,182.24000549316406,145.07794189453125,266.8204040527344,310.55987548828125,135.11463928222656
2020-08-20,54.04423522949219,183.5,144.4842987060547,270.5216369628906,311.52691650390625,136.33607482910156
2020-08-21,53.76879119873047,182.02999877929688,143.4175262451172,272.3964538574219,312.63189697265625,137.15296936035156
2020-08-24,54.47825241088867,181.0,144.92025756835938,274.0973205566406,315.7998962402344,136.93016052246094
2020-08-25,54.51163864135742,181.22000122070312,145.07794189453125,276.2522888183594,316.9050598144531,135.8821258544922
2020-08-26,54.82881164550781,183.36000061035156,144.1688995361328,282.1473693847656,320.0821533203125,135.3622589111328
2020-08-27,54.269588470458984,181.24000549316406,144.5214080810547,281.2679138183594,320.7820129394531,133.0598602294922
2020-08-28,54.653541564941406,184.38999938964844,145.74583435058594,282.6982116699219,322.8541259765625,132.96087646484375
2020-08-31,54.2361946105957,184.8300018310547,144.1781463623047,284.9692077636719,321.68450927734375,133.84385681152344
2020-09-01,54.294639587402344,185.0500030517578,145.82931518554688,289.83978271484375,324.7142639160156,135.3747100830078
2020-09-02,55.020782470703125,182.6199951171875,146.9888458251953,292.5843200683594,329.4110107421875,136.6635284423828
2020-09-03,53.77714538574219,181.13999938964844,142.6476593017578,277.75018310546875,318.0746154785156,137.05178833007812
2020-09-04,53.85226058959961,181.63999938964844,141.738525390625,274.0489501953125,315.47760009765625,134.44949340820312
2020-09-08,53.19287872314453,181.2899932861328,139.0114288330078,260.8771057128906,306.85772705078125,135.27561950683594
2020-09-09,54.186119079589844,183.0500030517578,141.1170654296875,268.5406188964844,312.9174499511719,134.91209411621094
2020-09-10,53.551788330078125,182.4600067138672,139.2804412841797,263.1867370605469,307.4840087890625,135.59776306152344
2020-09-11,54.085968017578125,182.4499969482422,138.35275268554688,261.3603210449219,307.64056396484375,135.8869171142578
2020-09-14,54.37809753417969,183.88999938964844,141.998291015625,265.9119873046875,311.692626953125,135.8787078857422
2020-09-15,54.72865295410156,183.4499969482422,142.26731872558594,269.6808776855469,313.2673645019531,135.5481414794922
2020-09-16,54.72865295410156,183.97000122070312,143.61236572265625,265.38043212890625,312.0241394042969,135.14340209960938
2020-09-17,54.803775787353516,182.9600067138672,142.5641326904297,261.23468017578125,309.2798156738281,135.55642700195312
2020-09-18,54.36140441894531,183.1999969482422,142.19309997558594,257.900634765625,305.71917724609375,135.13514709472656
2020-09-21,52.984214782714844,179.52000427246094,137.21185302734375,258.5191650390625,302.31671142578125,135.82080078125
2020-09-22,52.9675178527832,178.64999389648438,138.2693634033203,263.32208251953125,305.3955078125,135.71339416503906
2020-09-23,52.525146484375,174.7899932861328,134.14991760253906,255.28175354003906,298.3131408691406,135.8951873779297
2020-09-24,52.475074768066406,175.44000244140625,134.14991760253906,256.4704284667969,299.1082763671875,136.41575622558594
2020-09-25,52.650352478027344,174.94000244140625,136.328857421875,262.4330139160156,303.9439392089844,136.41575622558594
2020-09-28,53.443275451660156,176.6999969482422,139.69027709960938,267.8834533691406,308.9922180175781,136.0273895263672
2020-09-29,53.38484573364258,178.19000244140625,139.05706787109375,266.67547607421875,307.3094787597656,136.18434143066406
2020-09-30,53.1261100769043,177.1199951171875,139.47608947753906,268.50189208984375,309.6395568847656,134.8789825439453
2020-10-01,53.43492126464844,178.6999969482422,141.70152282714844,272.7637023925781,311.6273498535156,135.10145568847656
2020-10-02,53.3264274597168,178.5399932861328,142.3253631591797,265.09051513671875,308.6685791015625,134.59701538085938
2020-10-05,54.136043548583984,179.41000366210938,146.25477600097656,270.7439270019531,314.14227294921875,131.96710205078125
2020-10-06,53.56012725830078,177.3000030517578,145.83575439453125,265.9119873046875,309.6764221191406,132.6782989501953
2020-10-07,54.01919174194336,177.22000122070312,149.02032470703125,270.5120544433594,315.06689453125,131.71072387695312
2020-10-08,54.39478302001953,177.85000610351562,150.7150115966797,271.95196533203125,317.8591613769531,132.42185974121094
2020-10-09,54.820465087890625,181.0800018310547,151.49717712402344,276.1074523925781,320.69775390625,132.3971710205078
2020-10-12,55.137630462646484,180.55999755859375,152.51210021972656,284.6310119628906,325.85699462890625,132.81893920898438
2020-10-13,54.51999282836914,177.72000122070312,151.49717712402344,284.6213073730469,323.7303466796875,133.77000427246094
2020-10-14,54.42817687988281,178.27000427246094,149.99803161621094,282.24407958984375,321.6963195800781,134.07595825195312
2020-10-15,53.785484313964844,178.9199981689453,151.54367065429688,280.34991455078125,321.2986145019531,133.84437561035156
2020-10-16,54.035884857177734,178.3000030517578,151.17124938964844,278.8132629394531,321.10455322265625,133.4722900390625
2020-10-19,53.83556365966797,178.38999938964844,149.36483764648438,274.2615966796875,316.22265625,132.9677734375
2020-10-20,54.1026611328125,179.25,149.69076538085938,274.8511047363281,317.4893493652344,131.70237731933594
2020-10-21,53.84391784667969,180.60000610351562,148.40577697753906,274.6385192871094,316.88836669921875,131.24758911132812
2020-10-22,53.88564682006836,178.8300018310547,150.9663848876953,274.6288757324219,318.6266174316406,129.88304138183594
2020-10-23,54.2361946105957,178.63999938964844,151.84170532226562,275.1700134277344,319.7084045410156,130.67697143554688
2020-10-26,53.25965118408203,178.5500030517578,148.56405639648438,271.04351806640625,313.8002014160156,131.89263916015625
2020-10-27,52.842323303222656,179.02000427246094,147.28842163085938,273.159912109375,312.7184143066406,132.77755737304688
2020-10-28,51.264808654785156,176.1300048828125,142.75372314453125,262.51031494140625,302.0299987792969,132.901611328125
2020-10-29,51.50687026977539,175.39999389648438,144.4576416015625,267.1005859375,305.0997314453125,131.61143493652344
2020-10-30,51.23978042602539,176.1999969482422,142.54884338378906,260.3262634277344,301.9190368652344,130.3130645751953
2020-11-02,51.90749740600586,177.91000366210938,145.09088134765625,260.90606689453125,305.3031005859375,131.28909301757812
2020-11-03,53.26799774169922,178.9199981689453,149.20651245117188,265.4190368652344,310.6934814453125,130.52745056152344
2020-11-04,53.85226058959961,178.82000732421875,149.3740997314453,277.2671203613281,317.6372985839844,133.35894775390625
2020-11-05,55.14598083496094,182.92999267578125,153.5550079345703,284.4957580566406,323.83209228515625,133.59075927734375
2020-11-06,55.26283264160156,183.19000244140625,152.35377502441406,284.708251953125,323.7581787109375,131.97630310058594
2020-11-09,56.87373733520508,175.0800018310547,157.87550354003906,278.89056396484375,327.8263854980469,129.2028350830078
2020-11-10,57.382869720458984,175.66000366210938,160.80860900878906,273.89434814453125,327.3455505371094,128.4577178955078
2020-11-11,57.866981506347656,174.89999389648438,160.743408203125,280.02130126953125,329.77728271484375,128.92140197753906
2020-11-12,57.02397155761719,175.9600067138672,158.2758331298828,278.7069091796875,326.578125,131.11524963378906
2020-11-13,57.90035629272461,177.16000366210938,161.55345153808594,281.1519470214844,331.0993957519531,130.94140625
2020-11-16,58.501312255859375,177.14999389648438,165.39913940429688,283.345703125,335.2325134277344,130.62672424316406
2020-11-17,58.44289016723633,176.5,166.1719970703125,282.4469909667969,333.42938232421875,131.47958374023438
2020-11-18,58.134063720703125,175.49000549316406,163.8441162109375,280.35943603515625,329.4166564941406,131.8603973388672
2020-11-19,58.54305648803711,175.16000366210938,165.10116577148438,282.55316162109375,330.8035888671875,132.53933715820312
2020-11-20,58.71832275390625,175.69000244140625,165.2781219482422,280.62042236328125,328.53826904296875,133.7149658203125
2020-11-23,58.643211364746094,172.22999572753906,168.36947631835938,280.63018798828125,330.5077209472656,133.10227966308594
2020-11-24,59.51959991455078,169.58999633789062,171.5353546142578,284.572998046875,335.8334045410156,131.77757263183594
2020-11-25,59.444488525390625,169.50999450683594,170.94873046875,286.3221130371094,335.3155822753906,131.37193298339844
2020-11-27,59.85346603393555,167.7899932861328,171.67503356933594,288.96044921875,336.2494812011719,132.6468048095703
2020-11-30,58.551395416259766,166.6699981689453,168.5557098388672,289.5499267578125,334.7608642578125,132.48133850097656
2020-12-01,59.928592681884766,170.17999267578125,170.12002563476562,293.2608642578125,338.4222717285156,130.52793884277344
2020-12-02,59.936927795410156,171.4600067138672,170.29693603515625,293.6378173828125,339.1343078613281,129.49203491210938
2020-12-03,60.03709411621094,172.80999755859375,171.2560272216797,294.05316162109375,339.04168701171875,130.53628540039062
2020-12-04,60.54623794555664,172.32000732421875,175.24131774902344,295.2516174316406,341.96343994140625,128.62179565429688
2020-12-07,60.05377960205078,174.88999938964844,175.40892028808594,296.9235534667969,341.26080322265625,129.7821044921875
2020-12-08,60.262447357177734,175.5,177.6622772216797,297.928466796875,342.2593994140625,130.39535522460938
2020-12-09,60.34591293334961,172.5,176.36802673339844,291.1830749511719,339.18975830078125,129.96441650390625
2020-12-10,60.42938232421875,172.1699981689453,178.07205200195312,292.3524169921875,339.0787353515625,131.1163787841797
2020-12-11,60.24575424194336,172.49000549316406,177.1967315673828,291.7049865722656,338.68115234375,131.58047485351562
2020-12-14,60.282833099365234,171.5399932861328,177.4040985107422,293.8213195800781,337.16485595703125,131.21580505371094
2020-12-15,60.8980598449707,173.94000244140625,181.84080505371094,296.9620666503906,341.72308349609375,130.77662658691406
2020-12-16,61.134033203125,174.89999389648438,181.18698120117188,298.5953369140625,342.2593994140625,130.42860412597656
2020-12-17,61.56383514404297,176.74000549316406,183.34466552734375,300.5473327636719,344.17333984375,130.0834197998047
2020-12-18,61.24358367919922,176.44000244140625,182.457275390625,299.6390075683594,342.7990417480469,129.69351196289062
2020-12-21,60.459815979003906,175.8800048828125,182.36390686035156,299.0784606933594,341.5733642578125,130.2078399658203
2020-12-22,60.3081169128418,174.49000549316406,184.43746948242188,299.89166259765625,340.9976806640625,130.87985229492188
2020-12-23,60.95704650878906,175.64999389648438,186.00668334960938,298.3813781738281,341.3041076660156,129.97561645507812
2020-12-24,60.98231887817383,176.35000610351562,185.88526916503906,299.69805908203125,342.63189697265625,130.4899139404297
2020-12-28,61.47955322265625,175.7100067138672,185.19407653808594,302.71868896484375,345.57537841796875,130.5479736328125
2020-12-29,61.875648498535156,176.35000610351562,181.60731506347656,302.9897155761719,344.9161376953125,130.3820343017578
2020-12-30,61.959938049316406,177.6999969482422,183.45668029785156,302.9994812011719,345.408203125,130.6641082763672
2020-12-31,61.48798370361328,178.36000061035156,183.12982177734375,303.7447814941406,347.1632385253906,130.8549041748047
2021-01-04,61.80823516845703,182.3300018310547,180.7386474609375,299.4560241699219,342.4369201660156,130.6973114013672
2021-01-05,62.448734283447266,182.8699951171875,183.5314483642578,301.9247741699219,344.7955017089844,129.72665405273438
2021-01-06,63.165077209472656,179.89999389648438,191.04119873046875,297.7424011230469,346.85675048828125,127.06365203857422
2021-01-07,63.232513427734375,179.47999572753906,194.44114685058594,304.94537353515625,352.01019287109375,125.94361877441406
2021-01-08,63.82244110107422,173.33999633789062,194.02078247070312,308.86639404296875,354.0158996582031,125.537109375
2021-01-11,62.98809814453125,173.0,193.85269165039062,304.40325927734375,351.6294860839844,125.32966613769531
2021-01-12,63.274654388427734,174.1199951171875,197.327392578125,303.9192199707031,351.7037658691406,125.23011016845703
2021-01-13,63.19035720825195,173.3699951171875,195.9169158935547,305.9716491699219,352.65093994140625,126.64051055908203
2021-01-14,63.69602966308594,173.27999877929688,199.8306121826172,304.33544921875,351.41595458984375,125.4541015625
2021-01-15,62.701568603515625,171.1300048828125,196.85101318359375,301.9247741699219,348.8531188964844,125.95194244384766
2021-01-19,63.156654357910156,172.5800018310547,199.37290954589844,306.32989501953125,351.59234619140625,126.35843658447266
2021-01-20,63.58646011352539,175.38999938964844,200.25094604492188,313.455322265625,356.4579772949219,126.48287963867188
2021-01-21,63.637046813964844,175.27999877929688,198.51356506347656,315.9627990722656,356.782958984375,125.59514617919922
2021-01-22,63.33363723754883,173.89999389648438,200.82070922851562,315.0528564453125,355.5201110839844,126.00174713134766
2021-01-25,63.25777816772461,174.0500030517578,200.6245574951172,317.6571044921875,356.9221496582031,127.48664855957031
2021-01-26,63.35049057006836,173.6199951171875,199.23287963867188,318.1217956542969,356.3650817871094,127.24616241455078
2021-01-27,61.900943756103516,172.52000427246094,195.58065795898438,309.2535705566406,347.65533447265625,127.56966400146484
2021-01-28,62.29702377319336,172.67999267578125,194.9549102783203,311.0834045410156,350.64520263671875,126.86449432373047
2021-01-29,61.00761413574219,172.61000061035156,192.00331115722656,304.5387878417969,343.62548828125,126.10127258300781
2021-02-01,61.73238754272461,174.22999572753906,196.72024536132812,312.14837646484375,349.34521484375,126.24742126464844
2021-02-02,62.35603332519531,172.11000061035156,199.5223846435547,317.2408447265625,354.2850646972656,125.43344116210938
2021-02-03,62.50773620605469,171.85000610351562,200.12014770507812,315.982177734375,354.56365966796875,124.32047271728516
2021-02-04,62.57514953613281,168.14999389648438,204.2019500732422,319.71929931640625,358.5935363769531,123.98831939697266
2021-02-05,62.96281433105469,169.80999755859375,207.03213500976562,320.80352783203125,360.0049743652344,122.95001220703125
2021-02-08,63.401065826416016,171.52000427246094,212.3188934326172,322.952880859375,362.60491943359375,123.48989868164062
2021-02-09,63.74658203125,172.0800018310547,213.31829833984375,322.8850402832031,362.3634033203125,123.58129119873047
2021-02-10,63.527469635009766,172.7100067138672,211.91722106933594,322.1492919921875,362.2055969238281,124.4035415649414
2021-02-11,63.957275390625,171.2100067138672,211.6743927001953,323.92095947265625,362.79052734375,123.72246551513672
2021-02-12,64.31124114990234,170.69000244140625,212.2721710205078,325.7314147949219,364.58270263671875,122.1859130859375
2021-02-16,64.77476501464844,168.24000549316406,210.93650817871094,324.8504638671875,364.2669372558594,120.32547760009766
2021-02-17,64.39552307128906,166.3300018310547,209.28323364257812,323.2916259765625,364.3504943847656,121.08952331542969
2021-02-18,64.07526397705078,166.32000732421875,206.0419921875,321.8782043457031,362.7998352050781,120.59952545166016
2021-02-19,64.26067352294922,167.00999450683594,210.33865356445312,320.474365234375,362.15911865234375,118.99652862548828
2021-02-22,64.10055541992188,169.50999450683594,208.97499084472656,312.1677551269531,359.37347412109375,118.09120178222656
2021-02-23,64.15955352783203,169.1199951171875,207.13487243652344,311.2383117675781,359.8099365234375,117.75067138671875
2021-02-24,64.36181640625,169.0,212.02926635742188,313.8038024902344,363.7747497558594,116.97821044921875
2021-02-25,63.26621627807617,165.82000732421875,204.1926727294922,302.8638610839844,355.0093688964844,115.06790924072266
2021-02-26,62.372886657714844,161.80999755859375,203.9123992919922,304.1321716308594,353.1800537109375,118.87194061279297
2021-03-01,63.54432678222656,161.52999877929688,211.1607208251953,313.281005859375,361.74127197265625,117.30197143554688
2021-03-02,63.4769172668457,162.41000366210938,207.09756469726562,308.2564392089844,358.9185791015625,117.31023406982422
2021-03-03,63.0892448425293,160.6199951171875,204.85580444335938,299.3108215332031,354.1645202636719,116.03791046142578
2021-03-04,62.490875244140625,159.0399932861328,199.1300811767578,294.41204833984375,349.78173828125,115.28951263427734
2021-03-05,62.8953971862793,159.13999938964844,203.3519744873047,298.8460998535156,356.2164611816406,115.5140609741211
2021-03-08,62.67628479003906,157.49000549316406,204.3140869140625,290.3844909667969,354.4430236816406,114.61592864990234
2021-03-09,63.519039154052734,160.83999633789062,208.61068725585938,301.8376770019531,359.5035095214844,116.20418548583984
2021-03-10,63.78873062133789,161.66000366210938,212.2347869873047,300.9760437011719,361.74127197265625,116.43712615966797
2021-03-11,64.1258316040039,161.52000427246094,216.90505981445312,307.907958984375,365.4091796875,115.59720611572266
2021-03-12,64.28596496582031,161.49000549316406,218.18470764160156,305.4100646972656,365.90118408203125,113.14405059814453
2021-03-15,64.3365249633789,162.1999969482422,218.95997619628906,308.6727600097656,368.08331298828125,113.80935668945312
2021-03-16,64.44608306884766,162.35000610351562,215.29849243164062,310.36700439453125,367.6190185546875,113.35193634033203
2021-03-17,64.8253173828125,163.50999450683594,216.9891357421875,311.64495849609375,368.8725280761719,112.50375366210938
2021-03-18,64.23538970947266,162.55999755859375,210.3853759765625,302.09906005859375,363.50555419921875,111.36446380615234
2021-03-19,64.41236877441406,163.24000549316406,211.97329711914062,303.1639709472656,362.8329772949219,112.05462646484375
2021-03-22,64.47135925292969,163.0,210.3760528564453,308.8492736816406,365.73016357421875,113.31036376953125
2021-03-23,63.57802963256836,161.80999755859375,202.74484252929688,307.5019836425781,362.8517150878906,114.33320617675781
2021-03-24,63.25777816772461,162.3699951171875,198.055908203125,302.3157653808594,361.0070495605469,114.94854736328125
2021-03-25,63.729732513427734,161.77999877929688,202.75180053710938,301.79229736328125,363.03790283203125,114.04215240478516
2021-03-26,64.5556411743164,162.24000549316406,206.4482421875,306.3193664550781,368.88824462890625,113.64299774169922
2021-03-29,64.30281066894531,160.30999755859375,200.63685607910156,306.2320556640625,368.7019348144531,112.6783218383789
2021-03-30,64.21853637695312,157.57000732421875,204.01515197753906,304.6907043457031,367.7237548828125,113.26881408691406
2021-03-31,63.94041442871094,159.9600067138672,206.7570343017578,309.3533935546875,369.21429443359375,112.6368179321289
2021-04-01,64.77476501464844,161.97999572753906,209.37730407714844,314.626708984375,373.2013854980469,114.50625610351562
2021-04-05,65.71865844726562,161.9199981689453,210.52835083007812,320.9082336425781,378.5579528808594,114.006591796875
2021-04-06,65.01915740966797,163.22000122070312,209.91075134277344,320.68524169921875,378.3345031738281,114.78104400634766
2021-04-07,65.15399932861328,162.75999450683594,206.5231170654297,321.4607849121094,378.7723388671875,113.98162841796875
2021-04-08,65.52482604980469,164.50999450683594,208.2730712890625,324.8147277832031,380.5702209472656,114.922607421875
2021-04-09,65.72708129882812,163.27000427246094,208.30116271972656,326.7826232910156,383.33709716796875,114.50625610351562
2021-04-12,65.36468505859375,162.27999877929688,207.48699951171875,326.3560485839844,383.4768371582031,114.45626831054688
2021-04-13,65.74394226074219,163.42999267578125,206.94419860839844,330.16571044921875,384.6134033203125,115.31398010253906
2021-04-14,65.79449462890625,162.72000122070312,208.9842987060547,326.20098876953125,383.29986572265625,114.94757080078125
2021-04-15,66.34230041503906,165.35000610351562,209.89199829101562,331.144775390625,387.41741943359375,116.87120056152344
2021-04-16,66.82268524169922,166.35000610351562,210.22889709472656,331.5325012207031,388.7123718261719,115.96347045898438
2021-04-19,66.7046890258789,165.88999938964844,207.49635314941406,328.49835205078125,386.8025817871094,115.6303939819336
2021-04-20,65.50796508789062,166.47999572753906,203.24778747558594,326.1040344238281,383.9705810546875,116.16332244873047
2021-04-21,66.18217468261719,168.1300048828125,208.21690368652344,328.8957824707031,387.603759765625,116.39647674560547
2021-04-22,65.96305847167969,167.0399932861328,207.35597229003906,324.9311218261719,384.0636901855469,116.90442657470703
2021-04-23,66.63726806640625,166.39999389648438,211.2676544189453,329.0218200683594,388.2279357910156,116.6296157836914
2021-04-26,66.68782806396484,166.83999633789062,213.46681213378906,331.1641540527344,389.0383605957031,116.46306610107422
2021-04-27,66.46871948242188,166.4199981689453,213.7849578857422,329.72943115234375,388.95452880859375,115.44715881347656
2021-04-28,66.63726806640625,166.91000366210938,214.14993286132812,328.6147155761719,388.8427429199219,115.52214813232422
2021-04-29,66.66254425048828,166.22000122070312,213.35447692871094,329.7972106933594,391.3207702636719,115.18071746826172
2021-04-30,65.82823181152344,165.66000366210938,210.45347595214844,327.6355895996094,388.7495422363281,115.44715881347656
2021-05-03,66.5530014038086,167.80999755859375,211.48284912109375,325.8907470703125,389.5880126953125,115.51641845703125
2021-05-04,65.56696319580078,166.5800018310547,208.95620727539062,320.0262145996094,387.1844787597656,116.30027770996094
2021-05-05,66.46029663085938,167.27000427246094,208.12330627441406,318.9500732421875,387.3056945800781,116.49207305908203
2021-05-06,67.00810241699219,170.05999755859375,208.30116271972656,321.3541259765625,390.3984680175781,116.68389892578125
2021-05-07,67.7665786743164,171.58999633789062,210.92138671875,323.9617919921875,393.2398376464844,116.1085205078125
2021-05-10,67.40419006347656,172.11000061035156,205.55923461914062,315.78021240234375,389.34588623046875,114.93264770507812
2021-05-11,66.51927947998047,172.13999938964844,204.90415954589844,315.34405517578125,385.87091064453125,114.28218841552734
2021-05-12,65.4573974609375,170.42999267578125,198.2506103515625,307.1820373535156,377.673095703125,113.08136749267578
2021-05-13,65.94619750976562,171.1300048828125,201.90020751953125,309.5569763183594,382.2098693847656,113.25643920898438
2021-05-14,67.05021667480469,172.69000244140625,206.83193969726562,316.3910217285156,388.078857421875,114.3155746459961
2021-05-17,66.9238052368164,174.6999969482422,207.11268615722656,314.4717102050781,387.0914001464844,114.07369995117188
2021-05-18,67.06707763671875,175.0399932861328,205.54051208496094,312.3487548828125,383.7563171386719,113.7818603515625
2021-05-19,66.47714233398438,175.16000366210938,203.9590301513672,312.7074279785156,382.7501525878906,113.50660705566406
2021-05-20,67.35362243652344,175.9600067138672,205.31593322753906,318.7562255859375,386.8677673339844,114.44064331054688
2021-05-21,67.44631958007812,176.0399932861328,205.84930419921875,316.9919738769531,386.5509948730469,114.8076171875
2021-05-24,67.85926818847656,176.35000610351562,207.18753051757812,322.323486328125,390.4916076660156,115.23284912109375
2021-05-25,67.87612915039062,177.9499969482422,205.18492126464844,322.7694396972656,389.625244140625,116.30027770996094
2021-05-26,67.833984375,177.63999938964844,209.0123291015625,323.8938903808594,390.3984680175781,116.10015869140625
2021-05-27,67.96041107177734,177.7100067138672,211.16468811035156,322.6821594238281,390.6034851074219,115.63314056396484
2021-05-28,68.12053680419922,178.3800048828125,211.02438354492188,323.699951171875,391.3022155761719,115.44971466064453
2021-06-01,68.36494445800781,177.89999389648438,213.42001342773438,322.6239929199219,390.9574279785156,115.42381286621094
2021-06-02,68.59248352050781,178.77000427246094,213.67266845703125,323.2541198730469,391.5722351074219,115.69104766845703
2021-06-03,68.25536346435547,175.27000427246094,211.88525390625,319.890380859375,390.11895751953125,115.25677490234375
2021-06-04,68.83688354492188,177.16000366210938,212.8023681640625,325.3188781738281,393.6869201660156,116.83515167236328
2021-06-07,69.06442260742188,177.8699951171875,215.65658569335938,326.28826904296875,393.3049621582031,116.47606658935547
2021-06-08,69.03072357177734,177.32000732421875,217.93995666503906,326.4433288574219,393.38885498046875,117.29447937011719
2021-06-09,68.84530639648438,176.97999572753906,216.48941040039062,326.5209045410156,392.8018493652344,118.33007049560547
2021-06-10,69.03496551513672,177.74000549316406,214.88400268554688,329.9234313964844,394.6278076171875,119.03992462158203
2021-06-11,69.197265625,175.74000549316406,217.15203857421875,330.7861022949219,395.27996826171875,118.84783172607422
2021-06-14,69.31686401367188,174.7100067138672,216.5147247314453,333.95587158203125,396.1650390625,117.93755340576172
2021-06-15,69.40231323242188,174.0500030517578,215.8961944580078,331.7748107910156,395.4383544921875,117.79558563232422
2021-06-16,68.97515869140625,171.11000061035156,215.43698120117188,330.5631103515625,393.23046875,117.69540405273438
2021-06-17,68.49676513671875,165.85000610351562,213.01895141601562,334.7604675292969,393.10009765625,119.45748901367188
2021-06-18,67.0786361694336,164.92999267578125,208.1829376220703,332.13348388671875,387.7969970703125,121.70399475097656
2021-06-21,67.95855712890625,166.9499969482422,212.63467407226562,334.1976623535156,393.3486633300781,119.66625213623047
2021-06-22,67.96710205078125,166.25,213.5999755859375,337.31298828125,395.45159912109375,119.95856475830078
2021-06-23,67.53141021728516,166.13999938964844,214.3029327392578,337.4779357910156,394.97491455078125,119.64961242675781
2021-06-24,68.18065643310547,166.0399932861328,217.3301239013672,339.5645446777344,397.31158447265625,119.84166717529297
2021-06-25,68.3259048461914,166.58999633789062,217.69566345214844,339.14715576171875,398.7227478027344,118.59725189208984
2021-06-28,67.89021301269531,166.5800018310547,215.97117614746094,343.2717590332031,399.526611328125,119.81661224365234
2021-06-29,67.90730285644531,164.8300018310547,214.9402313232422,344.5140380859375,399.7415771484375,120.01709747314453
2021-06-30,67.38617706298828,165.6300048828125,214.96829223632812,343.9705505371094,400.07806396484375,120.55152130126953
2021-07-01,67.54850006103516,166.1999969482422,216.86151123046875,344.10638427734375,402.2930603027344,120.55821228027344
2021-07-02,67.7791519165039,167.2899932861328,214.7996368408203,348.0563049316406,405.3680114746094,121.28572845458984
2021-07-06,67.33492279052734,168.1199951171875,211.67877197265625,349.5605163574219,404.62969970703125,122.7072982788086
2021-07-07,67.70226287841797,168.75999450683594,209.71058654785156,350.29815673828125,406.0596618652344,123.7944107055664
2021-07-08,66.83090209960938,168.64999389648438,207.77989196777344,348.18243408203125,402.75103759765625,124.27934265136719
2021-07-09,67.96710205078125,169.2100067138672,212.16607666015625,350.3563537597656,407.0504150390625,122.53168487548828
2021-07-12,68.25756072998047,169.0,212.34414672851562,351.7247314453125,408.5084228515625,122.37276458740234
2021-07-13,67.89876556396484,169.22000122070312,208.34225463867188,351.7247314453125,407.1158142089844,121.4362564086914
2021-07-14,68.05252075195312,171.0399932861328,205.1276092529297,352.3555908203125,407.72332763671875,122.81602478027344
2021-07-15,67.40326690673828,171.07000732421875,203.96548461914062,349.8807373046875,406.3307189941406,124.17069244384766
2021-07-16,66.90778350830078,169.41000366210938,201.45372009277344,347.0469970703125,403.1435852050781,123.93651580810547
2021-07-19,65.69469451904297,169.61000061035156,198.43588256835938,344.2033996582031,397.19000244140625,126.65428924560547
2021-07-20,66.173095703125,169.38999938964844,204.5934295654297,348.20184326171875,402.8819580078125,125.43338012695312
2021-07-21,67.18115997314453,168.75999450683594,208.11732482910156,350.89019775390625,406.14385986328125,123.84455108642578
2021-07-22,67.20677947998047,169.08999633789062,204.80899047851562,353.2096252441406,406.9942932128906,125.01528930664062
2021-07-23,67.67664337158203,168.55999755859375,205.7649383544922,357.33416748046875,411.1814270019531,124.17903900146484
2021-07-26,67.77062225341797,168.16000366210938,206.36477661132812,357.6156005859375,412.19085693359375,123.8111343383789
2021-07-27,67.49724578857422,168.44000244140625,203.9561004638672,353.67535400390625,410.312255859375,125.13235473632812
2021-07-28,67.7876968383789,169.2899932861328,206.9552001953125,355.0340576171875,410.14398193359375,125.1407241821289
2021-07-29,68.25756072998047,171.1699981689453,208.54843139648438,355.6649169921875,411.84503173828125,124.44664001464844
2021-07-30,67.90730285644531,169.82000732421875,207.17071533203125,353.8111877441406,409.84490966796875,125.03195190429688
2021-08-02,68.24901580810547,169.61000061035156,206.13980102539062,353.84039306640625,408.98504638671875,126.14715576171875
2021-08-03,68.73596954345703,169.49000549316406,206.99267578125,355.9852294921875,412.31231689453125,126.21419525146484
2021-08-04,68.53092956542969,169.52999877929688,204.4153289794922,356.4995422363281,410.2842102050781,126.47370147705078
2021-08-05,68.86409759521484,168.86000061035156,208.0892333984375,358.76080322265625,412.8824768066406,125.82905578613281
2021-08-06,68.6078109741211,164.63999938964844,209.3638153076172,357.1886291503906,413.5647277832031,123.72755432128906
2021-08-09,68.57363891601562,161.72000122070312,208.2110595703125,357.8485107421875,413.2283020019531,123.28388214111328
2021-08-10,68.72740936279297,161.77000427246094,208.62344360351562,356.01434326171875,413.7423095703125,122.71452331542969
2021-08-11,69.197265625,164.0,209.64500427246094,355.4028625488281,414.7704162597656,122.63919830322266
2021-08-12,69.1374740600586,164.0399932861328,209.14825439453125,356.68389892578125,416.01348876953125,122.43819427490234
2021-08-13,69.55606079101562,166.38999938964844,207.2457275390625,357.93585205078125,416.7705993652344,124.37228393554688
2021-08-16,69.197265625,167.22000122070312,205.31503295898438,358.0911865234375,417.75189208984375,124.67365264892578
2021-08-17,68.5479965209961,166.97000122070312,202.8126983642578,354.9371032714844,415.0134582519531,124.62345123291016
2021-08-18,68.28318786621094,167.10000610351562,201.04136657714844,351.5209655761719,410.4710998535156,125.04209899902344
2021-08-19,67.60830688476562,166.61000061035156,198.63275146484375,353.21929931640625,411.10662841796875,125.96299743652344
2021-08-20,67.87311553955078,166.6999969482422,201.9879913330078,356.87811279296875,414.37786865234375,126.04670715332031
2021-08-23,68.50530242919922,168.72999572753906,205.83050537109375,362.2156982421875,418.02294921875,125.96299743652344
2021-08-24,68.65052032470703,168.64999389648438,207.8548583984375,363.3220520019531,418.6865539550781,124.98340606689453
2021-08-25,68.67615509033203,167.47999572753906,208.5859375,363.73944091796875,419.5650634765625,123.94530487060547
2021-08-26,68.3173599243164,167.6699981689453,206.37411499023438,361.4295959472656,417.0884094238281,124.28853607177734
2021-08-27,68.94098663330078,170.19000244140625,212.19419860839844,364.9429016113281,420.8175354003906,125.13420867919922
2021-08-30,68.92390441894531,169.35000610351562,211.3225860595703,369.0382385253906,422.6680908203125,125.4606704711914
2021-08-31,68.88973236083984,169.69000244140625,211.73497009277344,368.7375183105469,422.0419006347656,124.60670471191406
2021-09-01,69.51335906982422,169.6999969482422,213.15953063964844,369.3488464355469,422.2661437988281,124.81542205810547
2021-09-02,69.79527282714844,169.25,214.6403350830078,369.17413330078125,423.56524658203125,125.36029815673828
2021-09-03,70.11135864257812,171.05999755859375,213.6469268798828,370.3096008300781,423.4625244140625,124.2202377319336
2021-09-07,70.16260528564453,167.7100067138672,212.17544555664062,370.8336486816406,421.9483947753906,123.1723403930664
2021-09-08,69.60734558105469,167.2899932861328,209.86053466796875,369.5429992675781,421.4344177246094,124.01062774658203
2021-09-09,69.48773956298828,168.02999877929688,209.75743103027344,368.2715759277344,419.63055419921875,125.51116943359375
2021-09-10,69.3339614868164,167.17999267578125,207.70492553710938,365.4765930175781,416.3219299316406,124.40460205078125
2021-09-13,69.88070678710938,167.74000549316406,208.88583374023438,365.2242126464844,417.3873291015625,125.15911865234375
2021-09-14,69.5902328491211,168.82000732421875,206.22415161132812,364.1857604980469,415.1349792480469,126.67649841308594
2021-09-15,69.79527282714844,167.8300018310547,208.0892333984375,366.8934631347656,418.6024169921875,126.23219299316406
2021-09-16,69.68421936035156,164.02999877929688,208.2391815185547,367.1458435058594,417.9388732910156,125.65367126464844
2021-09-17,68.77013397216797,163.77000427246094,208.51095581054688,362.79803466796875,413.86761474609375,125.05011749267578
2021-09-20,67.49724578857422,164.94000244140625,203.5531005859375,355.3013916015625,406.9667663574219,126.60105895996094
2021-09-21,68.16358947753906,166.0399932861328,203.86236572265625,355.7386474609375,406.5823669433594,126.49201965332031
2021-09-22,68.50530242919922,165.4199981689453,207.03013610839844,359.0614013671875,410.5484924316406,127.2464828491211
2021-09-23,69.24854278564453,163.50999450683594,210.6946563720703,362.37445068359375,415.5365905761719,124.37110137939453
2021-09-24,68.5992660522461,163.3000030517578,209.67845153808594,362.7144775390625,416.2210998535156,123.1555404663086
2021-09-27,68.55655670166016,163.63999938964844,212.86526489257812,359.81915283203125,415.0303649902344,122.7028579711914
2021-09-28,67.06155395507812,162.0500030517578,208.02398681640625,349.6371154785156,406.66668701171875,120.79149627685547
2021-09-29,66.90778350830078,161.32000732421875,207.58216857910156,349.06402587890625,407.3511962890625,121.00116729736328
2021-09-30,66.6429672241211,164.22000122070312,205.6362762451172,347.781494140625,402.3724060058594,120.984375
2021-10-01,66.80526733398438,164.58999633789062,208.95465087890625,349.93841552734375,407.154296875,122.00255584716797
2021-10-04,66.10475158691406,165.36000061035156,207.0557098388672,342.59332275390625,401.9035949707031,121.69190979003906
2021-10-05,66.55753326416016,164.58999633789062,207.77015686035156,347.21795654296875,406.08538818359375,120.516845703125
2021-10-06,66.11329650878906,165.02999877929688,206.68910217285156,349.44293212890625,407.7730712890625,121.19670867919922
2021-10-07,66.6258544921875,164.16000366210938,209.87586975097656,352.6490783691406,411.2986145019531,119.9293212890625
2021-10-08,66.61732482910156,164.22999572753906,208.2965850830078,350.89056396484375,410.5484924316406,119.08993530273438
2021-10-11,66.40375518798828,163.9199981689453,207.1027069091797,348.1993408203125,407.576171875,118.78772735595703
2021-10-12,66.43792724609375,164.66000366210938,208.24017333984375,346.9848327636719,406.57293701171875,120.81903076171875
2021-10-13,67.0957260131836,167.58999633789062,209.2272186279297,349.763427734375,408.03564453125,121.994140625
2021-10-14,67.7620620727539,168.0,212.32943725585938,356.2049865722656,414.8990478515625,122.4473876953125
2021-10-15,68.3259048461914,165.3300018310547,211.6619873046875,358.4493408203125,418.0588684082031,121.73394012451172
2021-10-18,68.03544616699219,164.9199981689453,211.53976440429688,362.05377197265625,419.2965393066406,122.30470275878906
2021-10-19,68.44549560546875,165.4499969482422,212.32943725585938,364.7936096191406,422.53131103515625,120.61756134033203
2021-10-20,68.68470001220703,166.89999389648438,213.73947143554688,364.3175354003906,424.19091796875,119.80341339111328
2021-10-21,68.36006927490234,166.75,214.28469848632812,366.54248046875,425.29730224609375,119.66068267822266
2021-10-22,68.77013397216797,167.77000427246094,213.77706909179688,363.462646484375,424.8566589355469,120.978515625
2021-10-25,68.6334457397461,168.92999267578125,215.8076171875,367.1837463378906,427.1350402832031,120.79383850097656
2021-10-26,68.77013397216797,167.67999267578125,214.1812744140625,368.33984375,427.5195007324219,121.79264068603516
2021-10-27,68.49676513671875,168.1199951171875,210.24252319335938,369.19488525390625,425.62554931640625,124.00861358642578
2021-10-28,69.16310119628906,168.0800018310547,214.43516540527344,373.2948913574219,429.7322692871094,123.58891296386719
2021-10-29,68.76158142089844,166.64999389648438,214.3787078857422,375.1310729980469,430.6042175292969,123.96666717529297
2021-11-01,69.42792510986328,167.52000427246094,219.9344482421875,376.4135437011719,431.34503173828125,123.0740966796875
2021-11-02,69.28269958496094,167.16000366210938,220.39505004882812,377.98748779296875,433.0888671875,123.62035369873047
2021-11-03,69.8465347290039,165.77000427246094,224.3338623046875,382.0000305175781,435.73309326171875,122.34288787841797
2021-11-04,69.80381774902344,167.64999389648438,224.249267578125,386.896728515625,437.7864685058594,123.62879943847656
2021-11-05,69.90634155273438,169.83999633789062,227.31382751464844,387.2659912109375,439.3054504394531,125.47774505615234
2021-11-08,69.89778900146484,170.4499969482422,228.0188751220703,386.74127197265625,439.6805114746094,125.24246215820312
2021-11-09,69.74400329589844,171.2899932861328,226.6934051513672,384.0791931152344,438.2271423339844,126.87288665771484
2021-11-10,68.89826965332031,173.14999389648438,223.12120056152344,378.4344482421875,434.7017822265625,124.55328369140625
2021-11-11,69.1460189819336,174.1199951171875,224.91671752929688,379.4836730957031,434.84234619140625,124.36837005615234
2021-11-12,69.52190399169922,174.4499969482422,225.142333984375,383.4768371582031,438.12408447265625,123.82212829589844
2021-11-15,69.39375305175781,174.17999267578125,224.249267578125,383.38934326171875,438.2740478515625,122.26729583740234
2021-11-16,69.23998260498047,172.9199981689453,224.66290283203125,386.119384765625,440.0086364746094,121.95628356933594
2021-11-17,69.15455627441406,174.5,221.7205047607422,386.3235168457031,438.93975830078125,122.9228515625
2021-11-18,69.222900390625,173.94000244140625,220.7804718017578,390.3263244628906,440.4305725097656,123.3850326538086
2021-11-19,68.6334457397461,172.61000061035156,218.76876831054688,392.5026550292969,439.64300537109375,124.68768310546875
2021-11-22,68.23193359375,168.74000549316406,217.8380889892578,387.9460144042969,438.4053039550781,123.22537994384766
2021-11-23,68.16358947753906,167.27999877929688,217.46212768554688,386.17779541015625,438.9866943359375,121.44364929199219
2021-11-24,67.7108154296875,167.1199951171875,217.6970977783203,387.42138671875,440.15869140625,123.39348602294922
2021-11-26,65.89117431640625,166.85000610351562,209.490478515625,380.0763244628906,430.3417663574219,126.51155853271484
2021-11-29,66.22435760498047,166.6199951171875,209.3588409423828,388.324951171875,435.6205749511719,125.49458312988281
2021-11-30,65.6434326171875,165.5,205.09100341796875,382.6218566894531,427.1444396972656,127.40238189697266
2021-12-01,65.26756286621094,166.16000366210938,200.47535705566406,376.1123046875,422.4000549316406,128.18824768066406
2021-12-02,66.07911682128906,165.24000549316406,206.06863403320312,378.8230285644531,428.8696594238281,128.34814453125
2021-12-03,65.80574798583984,166.6300048828125,201.8384246826172,372.23583984375,425.13787841796875,129.87957763671875
2021-12-06,66.43792724609375,166.22000122070312,205.8900604248047,375.218505859375,430.1730041503906,128.09568786621094
2021-12-07,67.83895111083984,166.80999755859375,210.66551208496094,386.5178527832031,439.071044921875,127.06068420410156
2021-12-08,67.96710205078125,166.89999389648438,212.1038360595703,388.2471618652344,440.23370361328125,124.86448669433594
2021-12-09,67.40326690673828,165.8800048828125,207.30014038085938,382.5343933105469,437.26141357421875,125.56297302246094
2021-12-10,67.54850006103516,166.5800018310547,206.72674560546875,386.6927185058594,441.3775939941406,125.26002502441406
2021-12-13,66.9157485961914,167.0,203.70565795898438,381.106201171875,437.4676208496094,127.11121368408203
2021-12-14,66.55940246582031,165.44000244140625,201.9518280029297,377.1617126464844,434.4578857421875,126.80828094482422
2021-12-15,67.46332550048828,166.14999389648438,205.15769958496094,385.7598876953125,441.246337890625,125.58818054199219
2021-12-16,67.47201538085938,168.16000366210938,201.00889587402344,375.8402404785156,437.355224609375,125.63700866699219
2021-12-17,66.6202392578125,167.8000030517578,202.85704040527344,373.9652099609375,432.700439453125,127.06063079833984
2021-12-20,66.47248840332031,167.08999633789062,200.00942993164062,370.33758544921875,428.0993957519531,126.1087417602539
2021-12-21,67.21127319335938,167.02000427246094,205.7234649658203,378.6258544921875,435.7020263671875,125.62857818603516
2021-12-22,67.83705139160156,168.58999633789062,207.7035675048828,383.23699951171875,440.0584411621094,126.20987701416016
2021-12-23,68.23686218261719,168.97000122070312,209.36305236816406,386.1262512207031,442.7966003417969,125.11477661132812
2021-12-27,68.76705169677734,169.3699951171875,211.32431030273438,392.5078430175781,449.0630798339844,125.41796112060547
2021-12-28,68.79312896728516,168.63999938964844,210.0325164794922,390.68865966796875,448.696044921875,124.92096710205078
2021-12-29,68.76705169677734,168.58999633789062,210.25885009765625,390.6303405761719,449.2699890136719,123.55628204345703
2021-12-30,68.5867691040039,169.8000030517578,210.2022247314453,389.4629211425781,448.02801513671875,124.59244537353516
2021-12-31,68.52579498291016,170.9600067138672,209.74966430664062,387.03094482421875,446.89898681640625,124.83670043945312
2022-01-03,68.969970703125,168.3300018310547,212.45582580566406,390.7568054199219,449.48651123046875,121.55974578857422
2022-01-04,69.36190032958984,169.57000732421875,212.13519287109375,385.6884765625,449.3359680175781,121.05433654785156
2022-01-05,68.75225067138672,169.05999755859375,204.95028686523438,373.8397216796875,440.7076416015625,120.39726257324219
2022-01-06,68.40386199951172,166.99000549316406,206.11947631835938,373.5770568847656,440.29376220703125,120.70894622802734
2022-01-07,68.60417938232422,167.75,203.73391723632812,369.5301513671875,438.55291748046875,119.84123229980469
2022-01-10,67.96839141845703,168.25999450683594,203.02670288085938,369.7733459472656,438.00726318359375,120.1360855102539
2022-01-11,68.70869445800781,170.2899932861328,205.1859893798828,375.3280334472656,441.9967041015625,120.9364013671875
2022-01-12,69.37931823730469,170.74000549316406,203.6585235595703,376.8164367675781,443.191650390625,120.47305297851562
2022-01-13,68.8741683959961,170.16000366210938,201.79153442382812,367.3900146484375,437.08514404296875,121.54292297363281
2022-01-14,68.80449676513672,169.6699981689453,202.0744171142578,369.67608642578125,437.263916015625,119.70646667480469
2022-01-18,67.79419708251953,169.38999938964844,195.96438598632812,360.47332763671875,429.5201110839844,118.02163696289062
2022-01-19,67.73324584960938,172.0800018310547,192.77732849121094,356.5140380859375,425.0602111816406,118.83877563476562
2022-01-20,67.40228271484375,171.64999389648438,189.28857421875,351.8834533691406,420.35565185546875,119.57171630859375
2022-01-21,66.48778533935547,171.08999633789062,185.74322509765625,342.126220703125,412.1037292480469,120.99531555175781
2022-01-24,65.82587432861328,172.02999877929688,190.02406311035156,343.69244384765625,413.85382080078125,120.00135803222656
2022-01-25,65.42523956298828,172.5800018310547,187.4876251220703,335.7250671386719,408.8011169433594,119.80754089355469
2022-01-26,65.17266845703125,169.7899932861328,184.78150939941406,335.1998291015625,407.7755126953125,118.35860443115234
2022-01-27,64.86783599853516,167.60000610351562,180.5855255126953,331.8241882324219,405.761962890625,120.53203582763672
2022-01-28,65.08557891845703,167.10000610351562,184.1025848388672,342.233154296875,415.83917236328125,120.57413482666016
2022-01-31,66.0348892211914,168.08999633789062,189.75059509277344,353.17724609375,423.32891845703125,119.95072174072266
2022-02-01,66.6619873046875,168.22999572753906,191.7495880126953,355.580078125,426.1893310546875,119.55260467529297
2022-02-02,67.15841674804688,168.83999633789062,189.84487915039062,358.4693298339844,430.3293151855469,119.95751190185547
2022-02-03,66.0958480834961,168.60000610351562,186.25244140625,343.9356689453125,420.2144470214844,119.02117156982422
2022-02-04,66.25264739990234,168.86000061035156,187.05392456054688,348.27435302734375,422.1904602050781,117.2665023803711
2022-02-07,66.36585998535156,170.11000061035156,187.9779510498047,345.47265625,420.83538818359375,117.3424072265625
2022-02-08,66.70552825927734,170.6300048828125,191.18382263183594,349.3542175292969,424.29803466796875,116.557861328125
2022-02-09,67.7854995727539,171.2100067138672,194.81402587890625,356.7572021484375,430.5081481933594,116.7771987915039
2022-02-10,66.92326354980469,170.55999755859375,191.82501220703125,348.6828308105469,422.7738342285156,114.92134094238281
2022-02-11,65.91295623779297,173.80999755859375,189.8826141357422,337.6221618652344,414.4372253417969,116.62535095214844
2022-02-14,65.48619842529297,174.74000549316406,189.22256469726562,338.04046630859375,413.08233642578125,115.17437744140625
2022-02-15,66.68810272216797,173.0800018310547,194.29542541503906,346.4454650878906,419.7440185546875,113.86682891845703
2022-02-16,66.94068145751953,174.86000061035156,194.70086669921875,346.35797119140625,420.2144470214844,114.54170989990234
2022-02-17,65.86071014404297,177.25,189.71286010742188,336.0559387207031,411.23809814453125,115.39370727539062
2022-02-18,65.58202362060547,177.1199951171875,188.0816650390625,332.22296142578125,408.5753173828125,116.60845947265625
2022-02-22,64.81558227539062,177.49000549316406,185.43212890625,328.8863525390625,404.1905517578125,116.91215515136719
2022-02-23,64.2843017578125,178.2899932861328,181.96221923828125,320.4618225097656,397.020751953125,115.30096435546875
2022-02-24,63.42207717895508,177.13999938964844,186.7333221435547,331.2308044433594,402.99566650390625,115.37687683105469
2022-02-25,65.00719451904297,176.5500030517578,190.93865966796875,336.3671569824219,411.8873596191406,115.46121978759766
2022-02-28,63.77045440673828,178.3800048828125,191.71185302734375,337.36920166015625,410.8335266113281,117.99199676513672
2022-03-01,62.37693786621094,181.6199951171875,188.10049438476562,332.20361328125,404.57635498046875,119.35610961914062
2022-03-02,63.16078186035156,179.72999572753906,192.57936096191406,337.7777404785156,412.01910400390625,115.27625274658203
2022-03-03,61.91532897949219,180.8000030517578,190.29747009277344,332.95263671875,409.9678955078125,116.45042419433594
2022-03-04,60.12120056152344,183.67999267578125,187.31788635253906,328.1275329589844,406.63702392578125,118.46076202392578
2022-03-07,58.21382522583008,186.41000366210938,182.66000366210938,316.0257873535156,394.649658203125,117.55693817138672
2022-03-08,58.71897506713867,191.50999450683594,183.66883850097656,314.556884765625,391.65753173828125,116.3743667602539
2022-03-09,61.1750373840332,185.82000732421875,188.84542846679688,325.8803405761719,402.1581726074219,115.2340316772461
2022-03-10,60.443443298339844,186.39999389648438,188.50596618652344,322.26153564453125,400.34222412109375,113.57837677001953
2022-03-11,59.79023742675781,185.08999633789062,185.49813842773438,315.578369140625,395.25189208984375,113.9585189819336
2022-03-14,60.338932037353516,182.3000030517578,181.70762634277344,309.5177307128906,392.36328125,111.29768371582031
2022-03-15,60.913761138916016,178.88999938964844,184.60231018066406,319.2264099121094,400.99151611328125,111.1034164428711
2022-03-16,63.09981918334961,180.00999450683594,190.41067504882812,331.0654296875,409.88311767578125,112.19310760498047
2022-03-17,63.6310920715332,180.88999938964844,193.39964294433594,335.0733947753906,415.01123046875,111.35682678222656
2022-03-18,64.24945831298828,179.3000030517578,195.4363555908203,341.9316711425781,419.5567626953125,112.71685028076172
2022-03-21,63.84882354736328,180.6699981689453,193.71078491210938,340.9810485839844,419.4340515136719,110.1067123413086
2022-03-22,64.44978332519531,179.36000061035156,195.65321350097656,347.6822204589844,424.3419189453125,108.69603729248047
2022-03-23,63.613677978515625,181.80999755859375,192.25877380371094,342.6855773925781,418.8771667480469,111.07807159423828
2022-03-24,64.20591735839844,183.1300048828125,194.469482421875,350.3022766113281,425.19140625,110.20803833007812
2022-03-25,64.24076080322266,182.3800048828125,194.73397827148438,350.0101013183594,427.2678527832031,108.67915344238281
2022-03-28,64.03172302246094,179.05999755859375,194.8001708984375,355.42559814453125,430.3070373535156,109.60831451416016
2022-03-29,65.45136260986328,179.13999938964844,200.01524353027344,361.5423278808594,435.6302795410156,110.43614959716797
2022-03-30,65.18136596679688,180.5800018310547,196.00003051757812,357.54888916015625,432.9404602050781,111.29768371582031
2022-03-31,64.10139465332031,180.64999389648438,193.93096923828125,353.1172180175781,426.2768859863281,111.5680160522461
2022-04-01,64.70236206054688,179.5,196.1039276123047,352.4450988769531,427.4850158691406,111.9926986694336
2022-04-04,64.96363830566406,180.3699951171875,196.4251251220703,359.7015075683594,431.1470642089844,111.21441650390625
2022-04-05,64.08399200439453,179.24000549316406,191.77691650390625,351.71466064453125,425.7011413574219,108.70177459716797
2022-04-06,63.31755065917969,179.66000366210938,189.0559844970703,344.07830810546875,421.4444274902344,107.82197570800781
2022-04-07,63.4568977355957,180.33999633789062,188.44192504882812,344.8965759277344,423.5680847167969,107.00981140136719
2022-04-08,63.483028411865234,181.47000122070312,186.93975830078125,340.07513427734375,422.4354553222656,105.85082244873047
2022-04-11,62.812408447265625,182.3699951171875,185.68321228027344,332.0298767089844,415.2149963378906,104.17571258544922
2022-04-12,62.34209442138672,183.77000427246094,186.2689666748047,330.6273193359375,413.6766357421875,104.03189086914062
2022-04-13,63.012725830078125,184.64999389648438,189.8118133544922,337.34796142578125,418.4147033691406,104.24342346191406
2022-04-14,62.72530746459961,184.0399932861328,187.96954345703125,329.6338195800781,413.2046813964844,102.1537857055664
2022-04-18,62.35952377319336,184.61000061035156,186.70352172851562,329.8870849609375,413.37451171875,101.64618682861328
2022-04-19,62.6556396484375,181.82000732421875,190.42593383789062,337.26031494140625,420.04754638671875,100.88482666015625
2022-04-20,63.07369613647461,182.7100067138672,191.1533660888672,332.3415832519531,419.736083984375,102.91521453857422
2022-04-21,62.39435577392578,182.05999755859375,186.87362670898438,325.4649963378906,413.4594421386719,102.1537857055664
2022-04-22,61.3753547668457,180.2899932861328,182.03643798828125,316.9424133300781,402.1145324707031,101.5108413696289
2022-04-25,61.079227447509766,177.0500030517578,183.1417999267578,321.0138244628906,404.4458312988281,102.52603149414062
2022-04-26,59.37218475341797,177.32000732421875,177.3693389892578,308.89715576171875,392.7327575683594,103.55815124511719
2022-04-27,59.64216613769531,175.97999572753906,176.6324005126953,308.52703857421875,393.8369445800781,102.22993469238281
2022-04-28,60.48698806762695,176.92999267578125,179.9296112060547,319.4846496582031,403.7851257324219,102.38220977783203
2022-04-29,59.781524658203125,176.91000366210938,174.73342895507812,305.1082763671875,388.86297607421875,101.05398559570312
2022-05-02,59.63347244262695,173.6300048828125,176.5662841796875,310.20233154296875,391.2037048339844,99.30233764648438
2022-05-03,60.07765197753906,174.08999633789062,178.07786560058594,310.533447265625,392.99700927734375,99.97183227539062
2022-05-04,61.13148880004883,175.8000030517578,182.83006286621094,321.03326416015625,404.96490478515625,100.52266693115234
2022-05-05,59.16316223144531,175.1300048828125,175.4136962890625,304.86480712890625,390.5713195800781,97.76850891113281
2022-05-06,58.58833694458008,175.4199981689453,172.494384765625,301.2121887207031,388.2400207519531,96.32786560058594
2022-05-09,56.82032012939453,172.8800048828125,165.2386016845703,289.42669677734375,375.8096618652344,97.17529296875
2022-05-10,57.24708557128906,171.4199981689453,165.2858123779297,292.94287109375,376.6780090332031,98.05663299560547
2022-05-11,56.90741729736328,172.82000732421875,161.1761474609375,284.2547302246094,370.69403076171875,99.94640350341797
2022-05-12,56.76806640625,170.1699981689453,163.065673828125,283.5827331542969,370.3070373535156,99.75996398925781
2022-05-13,58.34446716308594,168.7899932861328,168.2334747314453,294.09222412109375,379.1602478027344,98.28544616699219
2022-05-16,58.396728515625,170.39999389648438,167.4304656982422,290.6831359863281,377.62188720703125,98.18374633789062
2022-05-17,59.48541259765625,169.3300018310547,172.55104064941406,298.21234130859375,385.3896484375,96.99734497070312
2022-05-18,58.065773010253906,169.4199981689453,166.50457763671875,283.57293701171875,369.85394287109375,99.0650863647461
2022-05-19,58.623172760009766,171.91000366210938,166.778564453125,282.053466796875,367.5887451171875,99.30233764648438
2022-05-20,59.02379608154297,172.02999877929688,166.35340881347656,281.1769104003906,367.74920654296875,100.4294204711914
2022-05-23,60.02539825439453,172.8300018310547,168.3657684326172,285.8521728515625,374.62982177734375,98.77692413330078
2022-05-24,59.92958068847656,174.1300048828125,165.87159729003906,279.7742919921875,371.7699890136719,100.72604370117188
2022-05-25,59.94700241088867,173.0800018310547,168.8569793701172,283.6898193359375,375.0545654296875,101.12432861328125
2022-05-26,60.60892105102539,172.75999450683594,172.6266326904297,291.5500183105469,382.54864501953125,100.66674041748047
2022-05-27,61.340518951416016,172.85000610351562,177.2748565673828,301.06622314453125,391.93994140625,100.91248321533203
2022-05-31,60.97471618652344,171.13999938964844,175.07354736328125,300.2674560546875,389.7406921386719,98.77692413330078
2022-06-01,60.33021926879883,172.22999572753906,174.08157348632812,298.0466613769531,386.58831787109375,98.6640396118164
2022-06-02,61.58436965942383,174.35000610351562,178.33297729492188,306.2089538574219,393.9503479003906,98.71495056152344
2022-06-03,60.7047233581543,172.5800018310547,176.7268829345703,298.2415466308594,387.4849853515625,98.50275421142578
2022-06-06,60.94859313964844,171.82000732421875,177.49215698242188,299.23504638671875,388.6647644042969,96.68598175048828
2022-06-07,61.13148880004883,172.94000244140625,180.35476684570312,301.816162109375,392.39288330078125,97.7302017211914
2022-06-08,60.27796936035156,172.77999877929688,177.5677032470703,299.64410400390625,388.1267395019531,96.8642807006836
2022-06-09,59.012081146240234,172.22999572753906,173.88673400878906,291.6182861328125,378.8960266113281,97.18688201904297
2022-06-10,57.58775329589844,174.5399932861328,169.16940307617188,281.3327331542969,367.90966796875,96.5841293334961
2022-06-13,55.68269348144531,169.92999267578125,161.2219696044922,268.25189208984375,353.94073486328125,93.55339813232422
2022-06-14,55.157474517822266,168.57000732421875,160.44522094726562,268.7388000488281,352.874267578125,92.37337493896484
2022-06-15,56.19011688232422,170.77000427246094,162.79440307617188,275.4496154785156,357.9049377441406,94.09672546386719
2022-06-16,54.95272445678711,172.69000244140625,155.2543182373047,264.3363342285156,346.05963134765625,94.8437728881836
2022-06-17,54.73017120361328,171.27000427246094,156.46678161621094,267.5505065917969,346.80572509765625,95.14942169189453
2022-06-21,55.55807113647461,170.6300048828125,159.2706298828125,274.3006591796875,355.53607177734375,93.5363998413086
2022-06-22,55.184181213378906,171.30999755859375,158.967529296875,273.9006042480469,354.8915100097656,96.10870361328125
2022-06-23,55.121856689453125,170.25999450683594,160.87147521972656,277.97979736328125,358.370361328125,96.89825439453125
2022-06-24,56.76875686645508,170.08999633789062,165.85403442382812,287.50433349609375,369.76434326171875,95.55691528320312
2022-06-27,56.52839660644531,169.89999389648438,166.46974182128906,285.396484375,368.3519592285156,94.74193572998047
2022-06-28,56.145606994628906,169.6199951171875,163.3437957763672,276.70135498046875,360.82550048828125,95.18338775634766
2022-06-29,55.93196487426758,169.49000549316406,161.6861114501953,276.9550476074219,360.5315856933594,96.66905212402344
2022-06-30,55.62928771972656,168.4600067138672,160.42630004882812,273.5199279785156,357.6025390625,97.5179672241211
2022-07-01,55.7628173828125,168.32000732421875,162.36814880371094,275.3253479003906,361.3847351074219,98.51915740966797
2022-07-05,54.56992721557617,164.75,163.71322631835938,280.0388488769531,362.0672302246094,99.293212890625
2022-07-06,54.61444091796875,162.13999938964844,162.50076293945312,281.8344421386719,363.2900695800781,97.6259994506836
2022-07-07,55.442344665527344,162.22999572753906,166.34661865234375,287.86541748046875,368.7310791015625,96.76686096191406
2022-07-08,55.50465393066406,162.3000030517578,166.32766723632812,288.2265319824219,368.42779541015625,95.69506072998047
2022-07-11,54.60554122924805,161.42999267578125,162.98385620117188,282.0686950683594,364.2190856933594,97.34529876708984
2022-07-12,54.59663772583008,160.8300018310547,162.42498779296875,279.3361511230469,360.9960632324219,97.92369842529297
2022-07-13,54.56992721557617,161.60000610351562,162.28292846679688,278.76043701171875,359.1002502441406,99.04654693603516
2022-07-14,53.80435562133789,159.3300018310547,160.61573791503906,279.7558898925781,358.2281799316406,98.23844146728516
2022-07-15,54.65895462036133,159.00999450683594,163.9595489501953,284.8304443359375,365.07220458984375,98.7913589477539
2022-07-18,54.88151168823242,159.16000366210938,163.495361328125,282.41998291015625,362.0578308105469,97.7620849609375
2022-07-19,56.37706756591797,159.5399932861328,169.26417541503906,291.1053161621094,371.84027099609375,97.23470306396484
2022-07-20,56.003170013427734,158.0399932861328,171.9164581298828,295.7212829589844,374.2101135253906,97.48988342285156
2022-07-21,56.58180618286133,160.27000427246094,172.79739379882812,299.9663391113281,378.0207824707031,99.17411804199219
2022-07-22,56.43937683105469,160.6699981689453,170.04086303710938,294.7063903808594,374.5134582519531,100.84133911132812
2022-07-25,56.87558364868164,160.22999572753906,170.92181396484375,293.0278625488281,374.96844482421875,99.85462951660156
2022-07-26,56.08329772949219,160.0399932861328,169.87039184570312,287.2701110839844,370.5322265625,99.93118286132812
2022-07-27,57.40970230102539,161.6699981689453,173.73516845703125,299.41015625,380.153564453125,99.36975860595703
2022-07-28,57.70347595214844,163.63999938964844,176.12222290039062,302.3377990722656,384.921630859375,100.16085052490234
2022-07-29,58.50466537475586,164.10000610351562,177.3726043701172,307.8514404296875,390.5333251953125,99.88864135742188
2022-08-01,58.58477783203125,165.02999877929688,177.30625915527344,307.66607666015625,389.3768005371094,102.29434204101562
2022-08-02,57.65006637573242,164.0500030517578,177.13577270507812,306.7486572265625,386.8079528808594,100.12981414794922
2022-08-03,57.98834228515625,164.4499969482422,179.74070739746094,315.102294921875,392.8650817871094,101.70633697509766
2022-08-04,58.28211975097656,167.1699981689453,179.36183166503906,316.5758361816406,392.5997619628906,101.67222595214844
2022-08-05,57.87261199951172,165.2899932861328,180.7353515625,313.9897766113281,391.9361267089844,99.25210571289062
2022-08-08,58.00614547729492,166.69000244140625,182.64878845214844,312.9748229980469,391.4811706542969,100.85413360595703
2022-08-09,57.694576263427734,167.1999969482422,180.1575164794922,309.432373046875,389.9266357421875,100.46219635009766
2022-08-10,58.99428176879883,166.77999877929688,185.3010711669922,318.0689392089844,398.1165771484375,99.80596160888672
2022-08-11,58.97648239135742,166.33999633789062,185.99256896972656,316.2635803222656,398.1165771484375,97.47956085205078
2022-08-12,59.430484771728516,167.8699951171875,189.7910614013672,322.42138671875,404.8563232421875,98.46807861328125
2022-08-15,59.07440185546875,165.7100067138672,190.46359252929688,325.0269470214844,406.524658203125,98.38285827636719
2022-08-16,59.05659866333008,165.4199981689453,190.38783264160156,324.2658386230469,407.3209533691406,98.79190826416016
2022-08-17,58.58477783203125,164.35000610351562,187.1861114501953,320.5671691894531,404.4297180175781,97.76081085205078
2022-08-18,58.38893508911133,163.9199981689453,188.42698669433594,321.3380432128906,405.605224609375,97.9056625366211
2022-08-19,57.58775329589844,162.72000122070312,184.38223266601562,315.07293701171875,400.1546630859375,96.32914733886719
2022-08-22,56.608516693115234,161.63999938964844,180.58377075195312,306.7779846191406,391.8224182128906,96.00532531738281
2022-08-23,56.635223388671875,162.77000427246094,180.87742614746094,306.5243225097656,390.87451171875,95.47697448730469
2022-08-24,56.70643997192383,163.25,182.2603759765625,307.412353515625,392.1258239746094,94.7781982421875
2022-08-25,57.329593658447266,163.75,185.0926971435547,312.84796142578125,397.6616516113281,96.09904479980469
2022-08-26,55.825138092041016,161.75999450683594,179.01132202148438,300.0248718261719,384.20111083984375,96.82341003417969
2022-08-29,55.700504302978516,161.86000061035156,177.36314392089844,297.0680236816406,381.6607360839844,96.02235412597656
2022-08-30,55.29991149902344,160.50999450683594,174.88133239746094,293.7597351074219,377.470947265625,96.26097869873047
2022-08-31,54.926021575927734,159.27000427246094,173.82040405273438,292.0519714355469,374.5987548828125,95.34061431884766
2022-09-01,54.18714141845703,157.8699951171875,171.92591857910156,292.1788330078125,375.774169921875,93.5950927734375
2022-09-02,53.83106231689453,159.25999450683594,170.59027099609375,288.0508728027344,371.8118591308594,94.12457275390625
2022-09-06,53.69752502441406,158.3300018310547,168.90415954589844,285.98193359375,370.4089660644531,91.79324340820312
2022-09-07,54.169334411621094,159.94000244140625,172.57952880859375,291.7591857910156,377.0633239746094,93.2449722290039
2022-09-08,54.2049446105957,158.97999572753906,174.0193328857422,293.2717590332031,379.52789306640625,92.28851318359375
2022-09-09,55.584774017333984,159.82000732421875,177.51466369628906,299.68328857421875,385.4239807128906,92.49347686767578
2022-09-12,56.359256744384766,160.6300048828125,179.6649627685547,303.2452697753906,389.5663757324219,91.73345947265625
2022-09-13,54.40079116821289,158.5399932861328,172.63633728027344,286.6163024902344,372.6271057128906,91.94695281982422
2022-09-14,54.57884216308594,157.92999267578125,173.3088836669922,288.8900451660156,374.0489807128906,92.26292419433594
2022-09-15,54.098121643066406,154.97999572753906,172.04904174804688,284.0790710449219,369.80230712890625,92.20311737060547
2022-09-16,53.76873779296875,155.83999633789062,169.5482940673828,282.3418884277344,366.9810791015625,91.43456268310547
2022-09-19,53.955692291259766,155.9600067138672,170.9976043701172,284.54058837890625,369.82696533203125,91.6480712890625
2022-09-20,53.03877258300781,155.07000732421875,168.66737365722656,282.2725830078125,365.5819091796875,90.73432159423828
2022-09-21,52.34440231323242,155.7899932861328,166.0908660888672,277.2181396484375,359.204833984375,92.25437927246094
2022-09-22,52.19307327270508,155.6999969482422,162.34921264648438,273.80621337890625,356.1875,89.89740753173828
2022-09-23,50.52836990356445,153.00999450683594,158.4844207763672,269.3481750488281,350.2196960449219,90.26461791992188
2022-09-26,49.78059387207031,151.22999572753906,156.3144989013672,268.2336730957031,346.75506591796875,88.53962707519531
2022-09-27,49.44231414794922,151.5399932861328,156.84765625,268.3411865234375,345.869873046875,86.2082748413086
2022-09-28,50.63520431518555,154.69000244140625,161.80836486816406,273.6790771484375,352.6753234863281,89.0947036743164
2022-09-29,50.038753509521484,154.66000366210938,158.18069458007812,265.7896423339844,345.30828857421875,88.63355255126953
2022-09-30,49.860713958740234,154.6699981689453,157.02857971191406,261.28271484375,339.9686584472656,87.48921966552734
2022-10-03,50.848846435546875,158.42999267578125,161.18951416015625,267.41241455078125,348.9442138671875,88.87939453125
2022-10-04,52.88743209838867,160.6999969482422,167.5784149169922,275.8200988769531,359.7568359375,88.63113403320312
2022-10-05,52.32659912109375,159.80999755859375,166.34063720703125,275.6734924316406,358.91925048828125,87.78368377685547
2022-10-06,51.40968322753906,159.6300048828125,165.40750122070312,273.5031433105469,355.2166748046875,87.29578399658203
2022-10-07,50.59069061279297,157.8800048828125,160.54200744628906,263.0815124511719,345.30828857421875,86.44831848144531
2022-10-10,50.30582046508789,155.47999572753906,159.64697265625,260.4516906738281,342.67181396484375,85.10440063476562
2022-10-11,49.75388717651367,155.16000366210938,159.6946258544922,256.87359619140625,340.5016174316406,85.48104095458984
2022-10-12,49.59365463256836,155.99000549316406,159.25662231445312,256.7856140136719,339.3785095214844,85.90046691894531
2022-10-13,50.61739730834961,154.91000366210938,163.19851684570312,262.8077697753906,348.3350524902344,85.07870483398438
2022-10-14,49.860713958740234,152.97999572753906,158.82814025878906,254.9084930419922,340.39697265625,84.37677001953125
2022-10-17,51.08920669555664,153.4199981689453,163.89356994628906,263.325927734375,349.1441345214844,83.96588897705078
2022-10-18,51.45419692993164,153.75,165.83595275878906,265.4083557128906,353.24639892578125,84.16277313232422
2022-10-19,50.8221435546875,151.69000244140625,163.0176239013672,264.4404296875,350.7431335449219,82.63050842285156
2022-10-20,50.706417083740234,151.4499969482422,160.94190979003906,263.09130859375,347.802001953125,81.21810913085938
2022-10-21,51.62333679199219,154.14999389648438,164.43634033203125,269.2601623535156,356.2541809082031,79.75434112548828
2022-10-24,51.63223648071289,153.64999389648438,165.1409149169922,272.222412109375,360.6134948730469,79.0951919555664
2022-10-25,52.771705627441406,154.0,169.6446075439453,277.8536071777344,366.37188720703125,81.39785766601562
2022-10-26,53.270225524902344,154.97999572753906,170.48248291015625,271.7140197753906,363.6116027832031,82.57058715820312
2022-10-27,52.771705627441406,154.74000549316406,170.52052307128906,266.7672119140625,361.6700134277344,83.43516540527344
2022-10-28,53.29692840576172,153.16000366210938,174.3957977294922,274.93048095703125,370.2744140625,82.86163330078125
2022-10-31,52.79841613769531,151.91000366210938,174.55767822265625,271.7336730957031,367.5997619628906,82.27098846435547
2022-11-01,53.21681213378906,153.4600067138672,174.79571533203125,268.9571228027344,365.9912109375,83.03987884521484
2022-11-02,52.442325592041016,152.38999938964844,168.99713134765625,259.7380676269531,356.80621337890625,82.67945861816406
2022-11-03,51.997222900390625,151.80999755859375,167.86407470703125,254.66407775878906,353.1322021484375,82.23326110839844
2022-11-04,54.080318450927734,156.47000122070312,170.13014221191406,258.76043701171875,358.21484375,80.85169219970703
2022-11-07,54.24945831298828,155.85000610351562,170.9014129638672,261.6053771972656,361.64141845703125,80.04505157470703
2022-11-08,54.86370086669922,159.4499969482422,170.9680938720703,263.5117492675781,363.59259033203125,80.92033386230469
2022-11-09,54.098121643066406,158.64999389648438,166.27395629882812,257.4308166503906,356.10186767578125,81.18634796142578
2022-11-10,57.13374328613281,163.47999572753906,176.50958251953125,276.4263000488281,375.6711120605469,84.30988311767578
2022-11-11,58.27320861816406,164.55999755859375,177.95684814453125,281.51971435546875,379.3070983886719,84.00098419189453
2022-11-14,57.65896224975586,164.9199981689453,175.9668731689453,279.0561218261719,376.0804443359375,83.79500579833984
2022-11-15,58.04175567626953,165.5,178.57574462890625,282.9178161621094,379.2879638671875,85.15084075927734
2022-11-16,57.908226013183594,165.1199951171875,175.4336395263672,279.0561218261719,376.3945617675781,87.01295471191406
2022-11-17,57.88151168823242,163.9199981689453,173.8054656982422,278.440185546875,375.2428283691406,86.09475708007812
2022-11-18,57.997249603271484,162.7899932861328,174.92901611328125,278.45001220703125,376.9465637207031,85.50264739990234
2022-11-21,57.5610466003418,161.8800048828125,174.01492309570312,275.58551025390625,375.5759582519531,85.86307525634766
2022-11-22,58.36223220825195,162.07000732421875,175.8716583251953,279.5546875,380.6300964355469,87.08158874511719
2022-11-23,59.003177642822266,163.0800018310547,176.3286590576172,282.3605041503906,383.0286865234375,88.60045623779297
2022-11-25,59.30585861206055,163.22000122070312,176.69998168945312,280.5030517578125,382.9429931640625,88.30011749267578
2022-11-28,58.540279388427734,161.92999267578125,173.1389923095703,276.38720703125,376.83233642578125,88.54899597167969
2022-11-29,58.709407806396484,162.72999572753906,173.6436004638672,274.2950744628906,376.1851501464844,87.51063537597656
2022-11-30,59.75096130371094,164.80999755859375,178.40435791015625,286.7989196777344,388.03515625,88.15425109863281
2022-12-01,60.32958984375,167.83999633789062,178.0139617919922,287.1509704589844,387.7497253417969,90.97038269042969
2022-12-02,60.285091400146484,167.25999450683594,179.05181884765625,286.007080078125,387.3023376464844,92.11443328857422
2022-12-05,59.492801666259766,164.38999938964844,174.1196746826172,281.2069091796875,380.33502197265625,90.82414245605469
2022-12-06,59.22573471069336,164.83999633789062,171.45367431640625,275.3802185058594,374.8525085449219,91.99397277832031
2022-12-07,59.22573471069336,166.3300018310547,170.948974609375,274.2558898925781,374.2148132324219,94.16155242919922
2022-12-08,59.52840805053711,166.47000122070312,172.1868133544922,277.5016784667969,377.14642333984375,93.9035415649414
2022-12-09,59.564022064208984,167.05999755859375,170.07301330566406,275.732177734375,374.32904052734375,91.46068572998047
2022-12-12,59.74205780029297,165.67999267578125,172.0725555419922,279.1929626464844,379.72589111328125,91.7531509399414
2022-12-13,60.589359283447266,168.50999450683594,173.49781799316406,282.1943664550781,382.600341796875,92.63909149169922
2022-12-14,60.535736083984375,168.10000610351562,172.35951232910156,280.1021728515625,380.1541748046875,93.03478240966797
2022-12-15,58.989498138427734,165.35000610351562,168.04550170898438,270.6973876953125,370.85498046875,93.39778900146484
2022-12-16,58.47110366821289,166.7899932861328,166.7924346923828,268.1163635253906,366.4765319824219,92.3544692993164
2022-12-19,58.32810592651367,166.32000732421875,164.53501892089844,264.348388671875,363.3689880371094,90.80245971679688
2022-12-20,58.56047439575195,169.0800018310547,165.4054412841797,264.1426086425781,363.8663024902344,89.19007110595703
2022-12-21,59.16824722290039,168.8000030517578,168.2559356689453,267.974365234375,369.30694580078125,89.41423034667969
2022-12-22,58.68560791015625,166.75999450683594,166.05589294433594,261.418212890625,364.0383605957031,89.39698791503906
2022-12-23,58.891178131103516,167.25999450683594,166.81155395507812,262.0061950683594,366.1324157714844,88.0864028930664
2022-12-27,58.980552673339844,168.6699981689453,165.69239807128906,258.30194091796875,364.6885070800781,86.34465026855469
2022-12-28,58.354915618896484,167.91000366210938,163.11932373046875,254.89163208007812,360.15625,85.83595275878906
2022-12-29,59.2755012512207,168.85000610351562,167.2515869140625,261.1046447753906,366.6391906738281,86.8102798461914
2022-12-30,58.6677360534668,169.63999938964844,166.7828826904297,260.9478759765625,365.67340087890625,85.84456634521484
2023-01-03,59.186126708984375,171.05999755859375,165.86459350585938,259.18389892578125,364.13397216796875,87.4828109741211
2023-01-04,59.97265625,172.6699981689453,167.93072509765625,260.4186706542969,366.9450988769531,88.68131256103516
2023-01-05,59.373817443847656,170.52000427246094,166.13241577148438,256.34197998046875,362.7571105957031,89.05208587646484
2023-01-06,60.893245697021484,173.7100067138672,169.86294555664062,263.41729736328125,371.07586669921875,90.69035339355469
2023-01-09,61.152442932128906,174.10000610351562,170.14990234375,265.12261962890625,370.8655090332031,91.17318725585938
2023-01-10,61.33120346069336,174.74000549316406,172.66558837890625,267.3667297363281,373.46630859375,89.66427612304688
2023-01-11,61.795955657958984,174.6199951171875,174.8177947998047,271.9921875,378.1898193359375,91.1214599609375
2023-01-12,62.7076301574707,176.63999938964844,177.7544403076172,273.4621276855469,379.5667419433594,92.91492462158203
2023-01-13,63.03832244873047,178.75999450683594,178.92140197753906,275.3437194824219,381.0392761230469,92.04402923583984
2023-01-17,63.23495864868164,177.58999633789062,178.70138549804688,275.9023132324219,380.34130859375,91.4491195678711
2023-01-18,63.01151657104492,177.0800018310547,175.8126220703125,272.3155517578125,374.3363952636719,93.6650619506836
2023-01-19,62.91319274902344,179.88999938964844,174.12908935546875,269.64019775390625,371.611328125,93.07878112792969
2023-01-20,63.46733856201172,179.2899932861328,176.99874877929688,277.0193786621094,378.5340881347656,91.56982421875
2023-01-23,63.72653579711914,179.6300048828125,179.18923950195312,283.1737060546875,383.07598876953125,91.13872528076172
2023-01-24,63.64609146118164,180.27999877929688,178.806640625,282.595458984375,382.6647644042969,92.4493179321289
2023-01-25,64.06617736816406,181.11000061035156,179.3040008544922,281.96832275390625,382.80816650390625,92.67350769042969
2023-01-26,64.11979675292969,179.47000122070312,180.36578369140625,287.4659729003906,387.01544189453125,92.24237060546875
2023-01-27,63.994667053222656,179.22000122070312,181.34144592285156,290.3274841308594,387.90472412109375,92.00957489013672
2023-01-30,63.58353042602539,178.75999450683594,178.81619262695312,284.4574890136719,383.0377197265625,91.6733169555664
2023-01-31,63.94998550415039,179.41000366210938,183.1588897705078,288.7203369140625,388.6696472167969,92.40620422363281
2023-02-01,64.52200317382812,181.6699981689453,186.03810119628906,294.8941955566406,392.8003845214844,93.51701354980469
2023-02-02,64.4326171875,177.89999389648438,189.70162963867188,305.47796630859375,398.5183410644531,93.63805389404297
2023-02-03,63.83378601074219,173.4600067138672,188.42947387695312,300.0489196777344,394.2823791503906,92.23764038085938
2023-02-06,63.18132019042969,173.82000732421875,185.70330810546875,297.5107116699219,391.87286376953125,91.55472564697266
2023-02-07,63.71759033203125,173.97999572753906,187.0807342529297,303.6748962402344,396.9980163574219,90.81993103027344
2023-02-08,63.3243293762207,174.41000366210938,184.3450164794922,298.2751159667969,392.6568908691406,91.25215148925781
2023-02-09,63.440513610839844,173.02999877929688,181.67625427246094,295.6390380859375,389.2528991699219,90.38770294189453
2023-02-10,63.1634521484375,173.36000061035156,182.03970336914062,293.6986083984375,390.16131591796875,89.37625885009766
2023-02-13,63.798030853271484,172.47999572753906,184.23023986816406,298.4024963378906,394.74139404296875,90.12835693359375
2023-02-14,63.91422653198242,172.61000061035156,184.1441192626953,300.6074523925781,394.5597839355469,89.92089080810547
2023-02-15,63.628211975097656,170.88999938964844,186.00938415527344,302.9104309082031,395.8410339355469,89.08235931396484
2023-02-16,63.31538391113281,170.75,184.23023986816406,297.2265625,390.3907165527344,87.82026672363281
2023-02-17,63.47627639770508,171.25999450683594,184.73716735839844,295.1293640136719,389.4154357910156,88.50318145751953
2023-02-21,62.77912139892578,170.6199951171875,179.28489685058594,288.1421203613281,381.6033935546875,86.78292846679688
2023-02-22,62.43055725097656,169.66000366210938,179.77276611328125,288.3577575683594,381.0775451660156,87.5782241821289
2023-02-23,62.75231170654297,169.57000732421875,181.05447387695312,290.8762512207031,383.10467529296875,88.43404388427734
2023-02-24,61.70659255981445,168.35000610351562,179.36143493652344,286.0058288574219,379.0121765136719,87.28429412841797
2023-02-27,62.43948745727539,169.00999450683594,179.9927520751953,288.0540466308594,380.302978515625,87.52635955810547
2023-02-28,61.98365783691406,169.77999877929688,180.00230407714844,287.6816101074219,378.8974914550781,87.92398834228516
2023-03-01,62.314353942871094,170.75999450683594,180.2318572998047,285.3688659667969,377.4440002441406,86.97942352294922
2023-03-02,62.43948745727539,170.66000366210938,180.66229248046875,287.7305603027344,380.3795166015625,86.20814514160156
2023-03-03,63.35114288330078,172.49000549316406,183.1780242919922,293.6790466308594,386.4799499511719,88.29661560058594
2023-03-06,63.19025421142578,171.6199951171875,180.4997100830078,294.0122375488281,386.74774169921875,87.61203002929688
2023-03-07,62.135597229003906,168.6199951171875,178.40487670898438,290.40594482421875,380.8194274902344,88.14928436279297
2023-03-08,62.47525405883789,168.5399932861328,178.490966796875,291.8563232421875,381.44085693359375,88.23597717285156
2023-03-09,62.0194091796875,170.1999969482422,173.52650451660156,286.7995910644531,374.4034118652344,88.45262145996094
2023-03-10,61.35801315307617,173.8699951171875,168.5237579345703,282.7718505859375,369.0008850097656,91.50298309326172
2023-03-13,60.93794250488281,177.86000061035156,165.77847290039062,284.8690490722656,368.47503662109375,91.71099853515625
2023-03-14,61.75127410888672,176.8300018310547,168.8489990234375,291.41522216796875,374.56591796875,90.203125
2023-03-15,59.83858871459961,178.2100067138672,166.0654754638672,292.94403076171875,372.2233581542969,91.94498443603516
2023-03-16,60.768123626708984,178.57000732421875,168.3324432373047,300.666259765625,378.7540283203125,91.22572326660156
2023-03-17,60.044158935546875,183.77000427246094,163.7888946533203,299.2453308105469,374.3253173828125,92.59490966796875
2023-03-20,60.982627868652344,183.83999633789062,165.91241455078125,300.3072814941406,377.9246826171875,91.78031158447266
2023-03-21,61.903221130371094,180.3699951171875,168.97335815429688,304.59637451171875,382.8871154785156,90.99170684814453
2023-03-22,61.68870544433594,183.44000244140625,164.18109130859375,300.45452880859375,376.3601379394531,92.2049331665039
2023-03-23,61.69765853881836,185.74000549316406,163.45237731933594,304.01727294921875,377.37762451171875,92.2049331665039
2023-03-24,61.50995635986328,183.64999389648438,164.9308624267578,305.13623046875,379.8539733886719,92.59490966796875
2023-03-27,62.09091567993164,181.9499969482422,166.7646484375,303.0456848144531,380.564208984375,90.41976165771484
2023-03-28,62.117733001708984,183.44000244140625,166.52459716796875,301.43597412109375,379.7099914550781,90.58443450927734
2023-03-29,62.86849594116211,182.52999877929688,168.4159393310547,306.9323425292969,385.22906494140625,90.40245056152344
2023-03-30,63.60140609741211,184.17999267578125,168.18553161621094,309.8375549316406,387.484619140625,90.81839752197266
2023-03-31,63.923160552978516,183.22000122070312,171.27696228027344,314.9904479980469,392.9461975097656,92.17894744873047
2023-04-03,64.4326171875,184.5399932861328,171.353759765625,314.2248229980469,394.4434509277344,92.61247253417969
2023-04-04,64.44155883789062,187.97999572753906,168.34872436523438,313.1648254394531,392.25506591796875,93.07292938232422
2023-04-05,63.994667053222656,187.8300018310547,166.69744873046875,310.0730895996094,391.22802734375,94.04595947265625
2023-04-06,64.29855346679688,186.49000549316406,166.94703674316406,312.1636962890625,392.754150390625,94.28921508789062
2023-04-10,64.25387573242188,185.11000061035156,168.73275756835938,311.98699951171875,393.15728759765625,92.76884460449219
2023-04-11,64.46836853027344,186.27999877929688,170.06729125976562,309.9847717285156,393.26287841796875,92.95997619628906
2023-04-12,64.87950897216797,187.19000244140625,168.81918334960938,307.24639892578125,391.6599426269531,92.86444091796875
2023-04-13,65.71073150634766,189.72000122070312,171.05616760253906,313.2629699707031,396.8622131347656,92.13463592529297
2023-04-14,65.44259643554688,186.36000061035156,169.4624481201172,312.674072265625,395.892822265625,91.29193878173828
2023-04-17,65.3263931274414,185.52999877929688,171.64181518554688,312.9390869140625,397.3133544921875,90.2059326171875
2023-04-18,65.68389892578125,186.25,170.9121551513672,312.9586486816406,397.572509765625,90.52735900878906
2023-04-19,65.47834014892578,185.36000061035156,171.13294982910156,312.81146240234375,397.5053405761719,90.44049835205078
2023-04-20,65.47834014892578,186.08999633789062,170.2496795654297,310.4264831542969,395.33612060546875,91.21372985839844
2023-04-21,65.80903625488281,184.25,170.4705047607422,310.7502746582031,395.6431884765625,90.70116424560547
2023-04-24,65.9788589477539,184.80999755859375,170.3553009033203,310.1026611328125,396.05596923828125,91.57861328125
2023-04-25,65.05826568603516,185.75,166.15017700195312,304.2528991699219,389.7690734863281,92.92525482177734
2023-04-26,65.01355743408203,184.74000549316406,164.54684448242188,306.09808349609375,388.1181640625,91.934814453125
2023-04-27,65.82691955566406,184.75,166.74542236328125,314.4211730957031,395.84478759765625,91.0225601196289
2023-04-28,65.80010986328125,184.8000030517578,168.20472717285156,316.5902099609375,399.22344970703125,92.49082946777344
2023-05-01,65.7017822265625,183.97000122070312,168.30075073242188,316.22711181640625,398.8203125,89.82390594482422
2023-05-02,65.0403823852539,187.52000427246094,164.844482421875,313.4690856933594,394.337890625,92.06231689453125
2023-05-03,65.21021270751953,189.11000061035156,165.44932556152344,311.4177551269531,391.6311340332031,92.57620239257812
2023-05-04,65.07614135742188,190.44000244140625,163.59640502929688,310.3184814453125,388.85723876953125,91.66167449951172
2023-05-05,66.03247833251953,187.4600067138672,167.48468017578125,316.9141540527344,396.05596923828125,91.35682678222656
2023-05-08,66.05036926269531,187.69000244140625,167.10067749023438,317.6993103027344,396.16156005859375,90.07648468017578
2023-05-09,65.7822265625,189.02000427246094,166.6014404296875,315.6873474121094,394.4241943359375,89.75421905517578
2023-05-10,65.6481704711914,188.75,167.44627380371094,319.1225280761719,396.26708984375,90.62519836425781
2023-05-11,65.48727416992188,187.1300048828125,166.1597900390625,320.1628723144531,395.57611083984375,91.58326721191406
2023-05-12,65.37108612060547,186.80999755859375,165.82374572753906,319.0144958496094,395.0577392578125,90.81681060791016
2023-05-15,65.87159729003906,187.2100067138672,167.8495330810547,320.7419738769531,396.4206848144531,89.87615966796875
2023-05-16,65.2459716796875,184.8699951171875,165.40133666992188,321.1051025390625,393.7716369628906,89.60617065429688
2023-05-17,65.54983520507812,184.22999572753906,169.08799743652344,324.9918518066406,398.551513671875,89.34489440917969
2023-05-18,65.45153045654297,181.83999633789062,170.1152801513672,331.0279846191406,402.39093017578125,88.68293762207031
2023-05-19,65.83585357666016,183.63999938964844,169.0784149169922,330.2819519042969,401.80535888671875,88.05584716796875
2023-05-22,65.85372161865234,183.2100067138672,171.14256286621094,331.39117431640625,401.9685363769531,87.74226379394531
2023-05-23,64.88843536376953,183.42999267578125,170.33609008789062,327.1903381347656,397.4573059082031,87.99485778808594
2023-05-24,63.941043853759766,181.9499969482422,168.53114318847656,325.5119934082031,394.57781982421875,87.55935668945312
2023-05-25,63.85166549682617,180.1999969482422,167.2158660888672,333.43267822265625,397.99481201171875,87.34162139892578
2023-05-26,64.47730255126953,180.9199981689453,169.1167755126953,341.95196533203125,403.14910888671875,88.04710388183594
2023-05-30,63.82484817504883,182.0399932861328,168.49273681640625,343.50274658203125,403.30267333984375,88.92681121826172
2023-05-31,63.1634521484375,182.32000732421875,166.83181762695312,341.54962158203125,401.0662841796875,89.7020034790039
2023-06-01,64.1019287109375,183.75999450683594,168.63673400878906,345.4952392578125,404.87689208984375,90.05390167236328
2023-06-02,64.93313598632812,181.0500030517578,174.75242614746094,348.08636474609375,410.73187255859375,89.06707000732422
2023-06-05,64.55775451660156,182.13999938964844,172.40988159179688,348.3316955566406,409.94476318359375,88.90117645263672
2023-06-06,65.09402465820312,182.33999633789062,176.95101928710938,348.2728271484375,410.8373718261719,89.42514038085938
2023-06-07,64.52153015136719,180.14999389648438,180.26182556152344,342.3642578125,409.4168701171875,88.09772491455078
2023-06-08,65.20415496826172,182.52999877929688,179.5879364013672,346.6141052246094,411.89324951171875,89.12821960449219
2023-06-09,65.09492492675781,182.0399932861328,178.13418579101562,347.9390869140625,412.6322937011719,89.00595092773438
2023-06-12,65.37708282470703,181.8800048828125,178.87551879882812,353.8182373046875,416.3755798339844,89.26795196533203
2023-06-13,65.99598693847656,180.5399932861328,180.9261016845703,356.5369873046875,419.1208190917969,88.38592529296875
2023-06-14,66.24173736572266,180.63999938964844,178.98143005371094,359.12811279296875,419.6199035644531,89.09326934814453
2023-06-15,66.94255065917969,181.91000366210938,180.45440673828125,363.40740966796875,424.82220458984375,89.9490966796875
2023-06-16,66.79693603515625,181.6300048828125,179.0102996826172,361.12054443359375,423.3750915527344,89.59980010986328
2023-06-20,65.91407775878906,179.75,178.23046875,360.603515625,421.1786193847656,90.21983337402344
2023-06-21,66.01419067382812,179.49000549316406,177.81649780273438,355.68939208984375,419.02056884765625,90.4381332397461
2023-06-22,65.60462188720703,177.7100067138672,176.49757385253906,359.8860778808594,420.53314208984375,89.34654998779297
2023-06-23,64.58523559570312,178.1999969482422,173.8404083251953,356.318359375,417.3539123535156,90.23731231689453
2023-06-26,64.66715240478516,178.50999450683594,174.0137176513672,351.5418395996094,415.6487121582031,90.3333511352539
2023-06-27,65.23145294189453,177.69000244140625,176.5264434814453,357.58624267578125,420.20556640625,90.09756469726562
2023-06-28,65.27696228027344,177.27999877929688,177.39291381835938,358.2840576171875,420.41754150390625,90.4818115234375
2023-06-29,65.18595886230469,177.08999633789062,179.4338836669922,357.5665283203125,422.0745544433594,88.8487548828125
2023-06-30,65.98688507080078,178.27000427246094,180.29071044921875,363.080322265625,427.0553283691406,89.896728515625
2023-07-03,65.91407775878906,178.47000122070312,180.6565399169922,363.9354553222656,427.54669189453125,89.38709259033203
2023-07-05,65.17684173583984,177.83999633789062,178.85621643066406,363.925537109375,426.91082763671875,88.53768157958984
2023-07-06,64.0482406616211,177.30999755859375,175.96804809570312,361.15399169921875,423.56781005859375,87.28551483154297
2023-07-07,64.53062438964844,178.63999938964844,177.8261260986328,359.9549255371094,422.4984130859375,86.76012420654297
2023-07-10,64.71266174316406,178.77999877929688,180.8683319091797,360.07281494140625,423.56781005859375,86.87391662597656
2023-07-11,65.295166015625,179.4499969482422,182.72640991210938,361.8517761230469,426.2653503417969,87.32054138183594
2023-07-12,66.5420913696289,181.8800048828125,184.7192840576172,366.4219665527344,429.69500732421875,88.29251861572266
2023-07-13,67.60697937011719,182.00999450683594,186.21151733398438,372.6433410644531,433.10546875,89.22071075439453
2023-07-14,67.2247085571289,181.42999267578125,184.39195251464844,372.5647277832031,432.8357238769531,88.6953125
2023-07-17,67.14279174804688,181.55999755859375,186.36557006835938,376.0439758300781,434.3386535644531,88.73908233642578
2023-07-18,67.57968139648438,183.63999938964844,188.66650390625,379.1202697753906,437.5660705566406,89.14191436767578
2023-07-19,67.54326629638672,183.6699981689453,189.46556091308594,379.0318603515625,438.53900146484375,90.14891052246094
2023-07-20,67.19741821289062,182.74000549316406,187.80967712402344,370.29437255859375,435.62957763671875,89.0543212890625
2023-07-21,67.33393859863281,182.17999267578125,187.21275329589844,369.1837158203125,435.62957763671875,89.08058166503906
2023-07-24,67.17009735107422,181.39999389648438,187.67486572265625,369.7734375,437.5756530761719,88.7566146850586
2023-07-25,67.242919921875,182.41000366210938,187.6555938720703,372.2796630859375,438.770263671875,88.5902328491211
2023-07-26,67.4249496459961,183.3000030517578,189.13819885253906,371.0413513183594,438.8376770019531,88.67780303955078
2023-07-27,67.27023315429688,180.4199981689453,186.69288635253906,370.15673828125,435.92822265625,86.9527816772461
2023-07-28,67.75260925292969,181.86000061035156,189.1093292236328,376.8990783691406,440.19610595703125,87.39933776855469
2023-07-31,67.77080535888672,182.35000610351562,191.3043975830078,377.0956115722656,441.0342712402344,87.60948944091797
2023-08-01,66.92435455322266,180.4600067138672,190.42828369140625,376.2209167480469,439.77215576171875,86.1738510131836
2023-08-02,65.67742156982422,179.60000610351562,187.83853149414062,367.965087890625,433.6545715332031,85.25188446044922
2023-08-03,65.49539184570312,179.5399932861328,187.30902099609375,367.37530517578125,432.41180419921875,83.28499603271484
2023-08-04,65.67742156982422,180.19000244140625,186.93357849121094,365.6553955078125,430.4561462402344,84.76017761230469
2023-08-07,66.23262786865234,179.77999877929688,187.0587158203125,368.75128173828125,434.21337890625,83.92601013183594
2023-08-08,65.8321533203125,178.63999938964844,185.88421630859375,365.6161193847656,432.3250732421875,84.90062713623047
2023-08-09,65.81394958496094,177.7899932861328,184.43045043945312,361.5963439941406,429.4349060058594,85.33967590332031
2023-08-10,66.09610748291016,177.60000610351562,183.61215209960938,362.2646179199219,429.58905029296875,83.93476867675781
2023-08-11,65.6501235961914,177.60000610351562,183.8720703125,359.9549255371094,429.33856201171875,83.74160766601562
2023-08-14,65.35887145996094,177.05999755859375,183.55438232421875,363.9944152832031,431.7085876464844,83.55720520019531
2023-08-15,64.54882049560547,176.58999633789062,181.12831115722656,360.1318054199219,426.6795959472656,83.04792022705078
2023-08-16,64.02093505859375,175.57000732421875,178.9140167236328,356.318359375,423.548583984375,82.39815521240234
2023-08-17,63.56584548950195,175.3000030517578,176.80563354492188,352.4264221191406,420.3211975097656,82.04694366455078
2023-08-18,63.56584548950195,175.3300018310547,177.7683563232422,351.98406982421875,420.52349853515625,82.33665466308594
2023-08-21,63.802490234375,175.80999755859375,177.50840759277344,357.6550598144531,423.259521484375,81.23910522460938
2023-08-22,63.684173583984375,176.10000610351562,176.97894287109375,357.1440124511719,422.1130676269531,81.86253356933594
2023-08-23,64.37590789794922,177.88999938964844,178.86585998535156,362.775634765625,426.814453125,83.89085388183594
2023-08-24,63.493038177490234,177.85000610351562,176.3916473388672,355.0210266113281,420.8992614746094,83.33767700195312
2023-08-25,63.92081832885742,177.6199951171875,177.14260864257812,357.7729797363281,423.8664855957031,83.6098861694336
2023-08-28,64.59434509277344,178.1300048828125,178.72145080566406,360.46600341796875,426.55438232421875,83.69770050048828
2023-08-29,65.39527893066406,179.8699951171875,181.2149200439453,368.3385009765625,432.72015380859375,84.56698608398438
2023-08-30,65.35887145996094,180.32000732421875,181.89845275878906,370.3926086425781,434.50238037109375,84.47919464111328
2023-08-31,65.10403442382812,180.02000427246094,181.58078002929688,371.5032653808594,433.8666076660156,84.85675048828125
2023-09-01,65.06761932373047,180.11000061035156,183.73727416992188,371.110107421875,434.67584228515625,83.5348129272461
2023-09-05,64.5033187866211,178.63999938964844,179.86712646484375,371.5818786621094,432.7972106933594,82.36347198486328
2023-09-06,64.3667984008789,177.8300018310547,179.19322204589844,368.30908203125,429.8877868652344,82.5660400390625
2023-09-07,64.15745544433594,178.02000427246094,177.4602813720703,365.675048828125,428.56787109375,82.7950210571289
2023-09-08,64.06643676757812,178.0800018310547,177.06556701660156,366.18609619140625,429.21331787109375,83.11207580566406
2023-09-11,64.73086547851562,178.41000366210938,177.48916625976562,370.5007629394531,432.0361328125,82.51317596435547
2023-09-12,64.4669189453125,177.49000549316406,177.3158721923828,366.39251708984375,429.66607666015625,82.98876953125
2023-09-13,64.26667785644531,177.0800018310547,176.15098571777344,367.7881164550781,430.1671447753906,82.97114562988281
2023-09-14,65.11312866210938,177.1699981689453,178.63482666015625,370.7956237792969,433.8761901855469,82.37229919433594
2023-09-15,64.9675064086914,178.33999633789062,176.76715087890625,364.4465026855469,428.64874267578125,81.87027740478516
2023-09-18,64.73995208740234,179.38999938964844,175.5925750732422,364.8263854980469,428.9000549316406,82.33705139160156
2023-09-19,64.79457092285156,179.22000122070312,174.9090576171875,364.048828125,428.01068115234375,81.72935485839844
2023-09-20,64.63983917236328,179.35000610351562,173.15687561035156,358.8027038574219,424.0757751464844,81.98477172851562
2023-09-21,63.56584548950195,178.0500030517578,170.47085571289062,352.22784423828125,417.0664978027344,79.87991333007812
2023-09-22,63.62046432495117,178.6199951171875,170.0857696533203,352.277099609375,416.1286926269531,80.52279663085938
2023-09-25,63.33831024169922,177.6999969482422,170.84632873535156,353.9503173828125,417.878662109375,78.54121398925781
2023-09-26,62.519168853759766,176.27999877929688,168.64967346191406,348.6352844238281,411.7394714355469,78.2681884765625
2023-09-27,62.400840759277344,174.10000610351562,170.22633361816406,349.4522705078125,411.90380859375,77.86306762695312
2023-09-28,62.91053771972656,173.22999572753906,171.7642364501953,352.3754577636719,414.291748046875,78.1008529663086
2023-09-29,62.7285041809082,171.4499969482422,170.9517364501953,352.63140869140625,413.2863464355469,78.10965728759766
2023-10-02,61.80923843383789,169.64999389648438,168.3691864013672,355.5743408203125,413.1219482421875,76.80208587646484
2023-10-03,61.03559875488281,169.16000366210938,165.53512573242188,349.33416748046875,407.59185791015625,75.14997100830078
2023-10-04,61.144813537597656,169.13999938964844,165.61253356933594,354.088134765625,410.5599365234375,76.21015167236328
2023-10-05,61.681800842285156,168.8300018310547,165.73826599121094,353.0447998046875,410.4052429199219,75.83025360107422
2023-10-06,62.36442947387695,169.6999969482422,167.334228515625,358.960205078125,415.2779235839844,74.91142272949219
2023-10-09,62.273414611816406,172.82000732421875,168.3014678955078,360.79095458984375,417.9366149902344,76.66957092285156
2023-10-10,63.12898254394531,172.52999877929688,170.20697021484375,362.78900146484375,420.1119689941406,76.56356048583984
2023-10-11,63.39292907714844,173.7899932861328,169.91676330566406,365.37762451171875,421.83282470703125,78.16266632080078
2023-10-12,62.86502456665039,173.25999450683594,166.07681274414062,364.1079406738281,419.2611083984375,76.04230499267578
2023-10-13,62.28252029418945,178.8300018310547,164.69366455078125,359.53106689453125,417.1728210449219,77.40288543701172
2023-10-16,62.73760223388672,177.9600067138672,167.35360717773438,363.5960693359375,421.5621643066406,76.15715789794922
2023-10-17,62.77401351928711,178.2899932861328,169.22035217285156,362.40509033203125,421.5427551269531,75.31784057617188
2023-10-18,61.681800842285156,180.8699951171875,165.73826599121094,357.651123046875,415.9256591796875,74.65522766113281
2023-10-19,61.13570785522461,183.08999633789062,163.09767150878906,354.3046569824219,412.27117919921875,73.12677764892578
2023-10-20,60.58961868286133,183.58999633789062,160.98910522460938,349.0191650390625,407.2052001953125,73.54200744628906
2023-10-23,60.635128021240234,182.97000122070312,159.625244140625,350.0722961425781,406.4993896484375,74.42549896240234
2023-10-24,60.98099136352539,182.9499969482422,161.01809692382812,353.4778747558594,409.5641174316406,75.40618133544922
2023-10-25,60.544105529785156,183.72000122070312,158.358154296875,344.8262023925781,403.68597412109375,73.72754669189453
2023-10-26,60.10723114013672,184.00999450683594,158.76443481445312,338.2513732910156,398.8520202636719,74.8584213256836
2023-10-27,59.92519760131836,186.14999389648438,156.89761352539062,339.8753967285156,397.0440979003906,74.54036712646484
2023-10-30,60.689735412597656,185.10000610351562,157.7681427001953,343.70416259765625,401.7911071777344,74.20463562011719
2023-10-31,60.90816879272461,184.08999633789062,159.1319580078125,345.3478698730469,404.3144836425781,73.8424072265625
2023-11-01,61.4815788269043,183.50999450683594,160.0411834716797,351.342041015625,408.6263427734375,75.44346618652344
2023-11-02,62.73760223388672,184.1199951171875,164.30673217773438,357.7200622558594,416.4573974609375,77.16334533691406
2023-11-03,63.40202713012695,184.7899932861328,168.77542114257812,361.9228515625,420.2569274902344,77.68636322021484
2023-11-06,63.08346939086914,183.35000610351562,166.66680908203125,363.3992614746094,421.2237548828125,76.93280792236328
2023-11-07,62.70119857788086,182.58999633789062,166.07681274414062,366.8343200683594,422.4225769042969,78.06756591796875
2023-11-08,62.61928176879883,180.77000427246094,164.30673217773438,367.07049560546875,422.7319030761719,79.39736938476562
2023-11-09,62.61017608642578,181.49000549316406,161.76290893554688,364.2456970214844,419.43511962890625,77.5711669921875
2023-11-10,62.89232635498047,179.50999450683594,163.57167053222656,372.43475341796875,425.9803466796875,78.00550079345703
2023-11-13,63.0561637878418,180.50999450683594,163.6296844482422,371.27337646484375,425.57427978515625,77.82823944091797
2023-11-14,64.66715240478516,182.1199951171875,172.61541748046875,379.2655029296875,433.8307800292969,79.59243774414062
2023-11-15,64.56703186035156,181.63999938964844,172.91526794433594,379.5509948730469,434.7492370605469,78.47537231445312
2023-11-16,64.52153015136719,183.69000244140625,170.11990356445312,379.8757629394531,435.2809753417969,79.45057678222656
2023-11-17,65.39527893066406,183.6699981689453,172.4509735107422,379.9643859863281,435.8223876953125,79.82290649414062
2023-11-20,65.64102935791016,183.3699951171875,173.45693969726562,384.59039306640625,439.1771545410156,80.31050109863281
2023-11-21,65.38617706298828,185.35000610351562,171.22256469726562,382.35614013671875,438.219970703125,80.27505493164062
2023-11-22,65.54090881347656,184.55999755859375,172.2962188720703,383.92108154296875,439.9118957519531,80.5587158203125
2023-11-24,66.04149627685547,185.52000427246094,173.45693969726562,383.3797607421875,440.18255615234375,79.6101303100586
2023-11-27,65.81394958496094,186.77000427246094,172.87657165527344,383.04510498046875,439.38983154296875,80.93994140625
2023-11-28,65.8321533203125,189.25999450683594,172.2091522216797,384.049072265625,439.82489013671875,81.09953308105469
2023-11-29,65.96868896484375,189.5399932861328,173.11839294433594,383.6750183105469,439.5154724121094,82.11901092529297
2023-11-30,65.91407775878906,188.75,173.77613830566406,382.71038818359375,441.2460632324219,81.17044067382812
2023-12-01,66.60579681396484,192.00999450683594,178.85418701171875,383.8030090332031,443.8564453125,82.69918823242188
2023-12-04,66.08700561523438,187.86000061035156,180.7693328857422,380.23992919921875,441.5264892578125,82.37012481689453
2023-12-05,65.8503646850586,187.14999389648438,178.35121154785156,381.1947021484375,441.4394836425781,84.13990020751953
2023-12-06,66.05059814453125,187.83999633789062,178.03201293945312,378.98992919921875,439.6605529785156,85.26049041748047
2023-12-07,66.36915588378906,188.14999389648438,179.31845092773438,384.28521728515625,443.01531982421875,84.7713394165039
2023-12-08,66.56939697265625,185.63999938964844,180.68226623535156,385.9978332519531,444.9199523925781,84.0776596069336
2023-12-11,66.73322296142578,183.58999633789062,181.05953979492188,389.295166015625,446.6505432128906,83.89981079101562
2023-12-12,66.85154724121094,183.49000549316406,180.87571716308594,392.3955383300781,448.69036865234375,84.14881896972656
2023-12-13,67.8254165649414,187.6300048828125,186.99842834472656,397.38580322265625,454.8778991699219,86.12313079833984
2023-12-14,68.32601165771484,188.72999572753906,192.20225524902344,397.0412902832031,456.3377380371094,88.36346435546875
2023-12-15,67.66158294677734,187.0,190.58692932128906,398.9606018066406,455.5863952636719,88.46161651611328
2023-12-18,67.8254165649414,187.85000610351562,190.6546173095703,401.4735107421875,458.1491394042969,87.7567367553711
2023-12-19,68.3988265991211,189.1300048828125,194.34950256347656,403.5248718261719,460.9350891113281,88.2296142578125
2023-12-20,67.70855712890625,188.10000610351562,190.5478973388672,397.5285949707031,454.54779052734375,88.82738494873047
2023-12-21,68.80524444580078,189.42999267578125,193.79034423828125,402.1539611816406,458.85772705078125,88.26529693603516
2023-12-22,68.8697509765625,190.27000427246094,195.59603881835938,402.755615234375,459.77996826171875,87.86382293701172
2023-12-26,69.18309783935547,191.72000122070312,198.13951110839844,405.22119140625,461.72137451171875,88.11363983154297
2023-12-27,69.55172729492188,192.58999633789062,198.83848571777344,406.0461730957031,462.5561828613281,89.6749496459961
2023-12-28,69.36739349365234,191.47000122070312,198.0812530517578,405.8487243652344,462.73089599609375,89.023681640625
2023-12-29,69.44112396240234,191.1699981689453,194.84848022460938,404.09234619140625,461.3913269042969,88.22067260742188
2024-01-02,68.66699981689453,190.72000122070312,193.69326782226562,397.25421142578125,458.8092041015625,87.71215057373047
2024-01-03,68.15091705322266,189.1300048828125,188.5286407470703,393.0506286621094,455.062255859375,88.07793426513672
2024-01-04,68.30758666992188,189.32000732421875,188.15972900390625,391.0278015136719,453.5964660644531,86.7396469116211
2024-01-05,68.3536605834961,189.35000610351562,187.60635375976562,391.4915771484375,454.2177429199219,85.90990447998047
2024-01-08,69.08171081542969,187.8699951171875,190.98472595214844,399.58294677734375,460.7021484375,86.75747680664062
2024-01-09,68.4642562866211,187.92999267578125,189.27615356445312,400.3723449707031,460.00323486328125,86.20431518554688
2024-01-10,68.90660858154297,187.5,189.38294982910156,403.08587646484375,462.6047058105469,85.8028564453125
2024-01-11,68.89739990234375,187.8699951171875,187.89759826660156,403.9245910644531,462.40087890625,86.28462219238281
2024-01-12,69.18309783935547,189.7100067138672,187.5869598388672,404.1318359375,462.7211608886719,86.11509704589844
2024-01-16,68.02188873291016,187.91000366210938,185.2667236328125,404.09234619140625,461.0224304199219,84.59837341308594
2024-01-17,67.37679290771484,185.83999633789062,183.9464874267578,401.8129577636719,458.45977783203125,84.46453857421875
2024-01-18,67.97582244873047,187.3699951171875,185.0337677001953,407.516357421875,462.5367736816406,83.67940521240234
2024-01-19,68.13247680664062,187.92999267578125,186.81031799316406,415.5977478027344,468.3028259277344,83.9470443725586
2024-01-22,68.34445190429688,187.22000122070312,190.80027770996094,416.1405029296875,469.29302978515625,84.44670104980469
2024-01-23,68.15091705322266,187.9499969482422,190.2469482421875,417.8673095703125,470.6616516113281,83.77754974365234
2024-01-24,68.66699981689453,186.39999389648438,188.6839599609375,420.1861572265625,471.1761474609375,83.28682708740234
2024-01-25,68.86053466796875,187.13999938964844,190.2469482421875,420.69927978515625,473.7388000488281,83.83109283447266
2024-01-26,69.16465759277344,187.00999450683594,190.25662231445312,418.19293212890625,473.1369934082031,83.67046356201172
2024-01-29,69.57015228271484,188.3300018310547,193.58648681640625,422.475341796875,476.8839416503906,84.63404846191406
2024-01-30,69.47798156738281,188.58999633789062,191.9361572265625,419.6631774902344,476.5151062011719,85.40135192871094
2024-01-31,69.12779235839844,188.4499969482422,187.24717712402344,411.4436340332031,468.7396545410156,86.24002075195312
2024-02-01,69.80976104736328,190.41000366210938,189.732421875,416.2885437011719,474.8746032714844,87.93170928955078
2024-02-02,69.2568130493164,188.61000061035156,188.73248291015625,423.32403564453125,479.8738098144531,85.9893798828125
2024-02-05,68.88817596435547,187.57000732421875,186.33460998535156,422.771484375,478.12646484375,84.25294494628906
2024-02-06,69.3121109008789,188.5500030517578,188.0141143798828,421.9228210449219,479.5146179199219,85.07644653320312
2024-02-07,69.27523803710938,188.5,187.57723999023438,426.26458740234375,483.513916015625,84.66468811035156
2024-02-08,69.15543365478516,188.3300018310547,190.4216766357422,427.05389404296875,483.7275390625,84.1723861694336
2024-02-09,69.39505004882812,187.60000610351562,193.5185089111328,431.2574462890625,486.52313232421875,84.00233459472656
2024-02-12,69.51486206054688,187.11000061035156,197.0327911376953,429.5700988769531,486.30963134765625,84.10081481933594
2024-02-13,68.44581604003906,184.52999877929688,188.92665100097656,422.8701171875,479.6116638183594,82.65973663330078
2024-02-14,69.21072387695312,184.4199981689453,193.31463623046875,427.4782409667969,483.97021484375,83.08042907714844
2024-02-15,69.99407196044922,185.66000366210938,198.46958923339844,428.7511291503906,487.3094787597656,83.51005554199219
2024-02-16,70.10467529296875,186.33999633789062,195.77073669433594,424.86334228515625,484.88262939453125,83.0267105102539
2024-02-20,70.3903579711914,187.47000122070312,193.07192993164062,421.6564025878906,482.2132263183594,83.09832000732422
2024-02-21,70.4456558227539,187.47999572753906,192.15940856933594,419.9691162109375,482.6500244140625,82.507568359375
2024-02-22,71.23821258544922,187.55999755859375,193.6156005859375,432.263916015625,492.6387023925781,82.91036224365234
2024-02-23,71.33036804199219,188.6199951171875,194.0524444580078,430.99102783203125,492.9784851074219,84.0202407836914
2024-02-26,71.22899627685547,188.1999969482422,195.275634765625,430.76409912109375,491.1729431152344,83.76960754394531
2024-02-27,71.42253112792969,188.0,198.0424346923828,431.80023193359375,492.0853576660156,83.17888641357422
2024-02-28,71.00782012939453,188.33999633789062,196.4114990234375,429.5010681152344,491.43499755859375,83.70694732666016
2024-02-29,71.19213104248047,189.30999755859375,197.78028869628906,433.1816101074219,493.2016906738281,84.2977066040039
2024-03-01,71.88331604003906,192.88999938964844,199.8772430419922,439.7039794921875,497.8320007324219,84.82298278808594
2024-03-04,71.69901275634766,196.00999450683594,199.69277954101562,438.13507080078125,497.2981262207031,84.48175811767578
2024-03-05,71.56998443603516,197.19000244140625,197.78028869628906,430.27069091796875,492.3280334472656,85.6849365234375
2024-03-06,72.41783905029297,198.80999755859375,199.2559356689453,432.9744567871094,494.8227844238281,86.18775177001953
2024-03-07,73.27490234375,199.94000244140625,200.91598510742188,439.5461730957031,499.7346496582031,86.10696411132812
2024-03-08,73.03529357910156,201.6300048828125,200.789794921875,433.2013244628906,496.735107421875,85.9543228149414
2024-03-11,72.62059020996094,202.0,199.1976776123047,431.59295654296875,496.3079833984375,85.90941619873047
2024-03-12,73.20117950439453,199.7899932861328,198.9258575439453,437.7798767089844,501.64691162109375,85.19110107421875
2024-03-13,73.21040344238281,201.19000244140625,199.70249938964844,434.4150695800781,500.8606262207031,84.778076171875
2024-03-14,72.6758804321289,200.35000610351562,196.1299285888672,433.3197326660156,499.8705139160156,83.47615814208984
2024-03-15,72.70352172851562,199.7100067138672,196.4988555908203,428.1689453125,496.4381408691406,83.44921112060547
2024-03-18,72.68509674072266,200.02999877929688,195.37274169921875,432.25262451171875,499.3884582519531,83.19781494140625
2024-03-19,72.81411743164062,199.8000030517578,196.1979217529297,433.3295593261719,502.16375732421875,83.4312515258789
2024-03-20,73.58824157714844,202.17999267578125,200.0811004638672,438.4674072265625,506.8083190917969,83.40430450439453
2024-03-21,73.55137634277344,201.97000122070312,202.37997436523438,440.5423278808594,508.4831848144531,83.58389282226562
2024-03-22,73.39470672607422,200.35000610351562,199.58670043945312,441.0462341308594,507.51922607421875,84.38301849365234
2024-03-25,73.23804473876953,200.99000549316406,200.0441131591797,439.4455871582031,506.1169738769531,83.96100616455078
2024-03-26,73.32098388671875,201.63999938964844,199.6840057373047,438.0227966308594,505.1822204589844,84.19445037841797
2024-03-27,73.76335144042969,203.10000610351562,204.03448486328125,439.5147399902344,509.4277038574219,85.02947998046875
2024-03-28,73.59746551513672,205.72000122070312,204.67686462402344,438.70452880859375,509.3304138183594,84.9576644897461
2024-04-01,73.28411865234375,207.82000732421875,202.74981689453125,439.6333312988281,508.44427490234375,83.37394714355469
2024-04-02,72.76803588867188,210.88999938964844,199.0221710205078,435.83917236328125,505.2114562988281,82.91451263427734
2024-04-03,73.17353820800781,212.74000549316406,200.3263702392578,436.8173828125,505.7664489746094,82.896484375
2024-04-04,72.54685974121094,211.52000427246094,198.3214569091797,430.13812255859375,499.593017578125,83.49107360839844
2024-04-05,72.77725219726562,215.13999938964844,198.98326110839844,435.2068176269531,504.812255859375,82.3289566040039
2024-04-08,73.13666534423828,216.47999572753906,200.0733642578125,435.3353271484375,505.0946044921875,82.31995391845703
2024-04-09,73.12744140625,217.6699981689453,200.86166381835938,436.9458312988281,505.6788635253906,83.08570098876953
2024-04-10,72.15979766845703,215.61000061035156,195.557373046875,433.1319580078125,500.615478515625,81.27497100830078
2024-04-11,72.35332489013672,219.8000030517578,196.88099670410156,440.04833984375,504.3935241699219,80.90560150146484
2024-04-12,71.18291473388672,216.88999938964844,193.3772735595703,433.0330810546875,497.4313659667969,81.33804321289062
2024-04-15,70.970947265625,220.9499969482422,190.54507446289062,425.9093017578125,491.199462890625,80.07682800292969
2024-04-16,70.27055358886719,221.22000122070312,189.8443145751953,425.9488525390625,490.3036193847656,79.54532623291016
2024-04-17,70.31664276123047,219.58999633789062,187.8394317626953,420.75164794921875,487.4018859863281,80.42816162109375
2024-04-18,70.12310028076172,220.33999633789062,187.68370056152344,418.3506774902344,486.3989562988281,80.02278137207031
2024-04-19,70.15074920654297,221.02999877929688,187.97569274902344,409.69537353515625,482.15350341796875,80.31107330322266
2024-04-22,70.970947265625,215.57000732421875,190.0779266357422,413.8155517578125,486.5937194824219,80.17591857910156
2024-04-23,71.74507904052734,215.0399932861328,193.260498046875,419.99090576171875,492.3679504394531,80.20295715332031
2024-04-24,71.60684204101562,214.63999938964844,192.39427185058594,421.4136657714844,492.13427734375,79.63540649414062
2024-04-25,71.27507019042969,215.9199981689453,191.22637939453125,419.3782958984375,490.2646484375,79.07689666748047
2024-04-26,71.84645080566406,216.6199951171875,193.05609130859375,425.8499755859375,494.9093933105469,79.49127960205078
2024-04-29,72.1229248046875,216.17999267578125,194.61331176757812,427.5790710449219,496.662109375,80.15792083740234
2024-04-30,71.21056365966797,211.8699951171875,190.661865234375,419.5166015625,488.7943115234375,79.4732437133789
2024-05-01,71.05389404296875,213.7899932861328,191.0609130859375,416.4832763671875,487.2071838378906,80.05905151367188
2024-05-02,72.01234436035156,213.1300048828125,194.5743865966797,421.7989807128906,491.7641906738281,80.40258026123047
2024-05-03,72.73117065429688,212.9600067138672,196.50144958496094,430.2764892578125,497.8597717285156,81.21620178222656
2024-05-06,73.22882843017578,215.1999969482422,199.0416717529297,434.9894714355469,503.00103759765625,81.53260040283203
2024-05-07,73.42236328125,214.2100067138672,199.48934936523438,435.0586242675781,503.55609130859375,82.0298080444336
2024-05-08,73.33941650390625,213.5800018310547,198.33116149902344,434.8017578125,503.6048583984375,81.53260040283203
2024-05-09,73.9015884399414,216.9499969482422,200.3555450439453,435.750244140625,506.5065002441406,81.93035125732422
2024-05-10,74.0398178100586,218.7100067138672,198.84701538085938,436.7778625488281,507.158935546875,81.46931457519531
2024-05-13,74.0398178100586,216.25999450683594,199.26551818847656,437.7856750488281,507.2270812988281,81.67723846435547
2024-05-14,74.5927734375,218.08999633789062,201.3288116455078,440.6016540527344,509.5544128417969,82.13829040527344
2024-05-15,75.38533782958984,220.88999938964844,203.83984375,447.4883117675781,515.8641357421875,83.2592544555664
2024-05-16,74.97982788085938,220.02999877929688,202.3701934814453,446.5793151855469,514.8027954101562,83.17789459228516
2024-05-17,75.23787689208984,223.66000366210938,202.51622009277344,446.3619384765625,515.542724609375,82.61741638183594
2024-05-20,75.29315948486328,224.55999755859375,202.96392822265625,449.474365234375,516.1368408203125,82.37333679199219
2024-05-21,75.1733627319336,224.22999572753906,202.7692413330078,450.3536376953125,517.402587890625,82.79820251464844
2024-05-22,74.4637451171875,220.11000061035156,201.05630493164062,450.2647705078125,515.9127807617188,82.89765167236328
2024-05-23,74.08589172363281,215.72000122070312,197.75694274902344,448.2392578125,512.1444702148438,82.36428833007812
2024-05-24,74.69414520263672,215.9199981689453,199.94680786132812,452.4780578613281,515.5330810546875,82.60836791992188
2024-05-28,74.66649627685547,218.19000244140625,199.67430114746094,454.1873474121094,515.8932495117188,81.42413330078125
2024-05-29,73.48686218261719,216.16000366210938,196.72531127929688,450.98602294921875,512.2806396484375,80.43875122070312
2024-05-30,74.10433197021484,216.57000732421875,198.59396362304688,446.1544494628906,508.88250732421875,81.21620178222656
2024-05-31,74.81394958496094,215.3000030517578,200.26797485351562,445.3244934082031,513.5173950195312,81.76765441894531
2024-06-03,75.02590942382812,217.22000122070312,199.1389617919922,447.715576171875,513.9360961914062,83.09020233154297
2024-06-04,74.93375396728516,215.27000427246094,196.569580078125,448.9407958984375,514.5106811523438,84.0607681274414
2024-06-05,75.45905303955078,217.82000732421875,199.57696533203125,457.99127197265625,520.6256103515625,84.67761993408203
2024-06-06,75.71710205078125,219.42999267578125,198.14625549316406,457.8332214355469,520.6159057617188,84.55062866210938
2024-06-07,74.89688873291016,211.60000610351562,195.82015991210938,457.4281311035156,519.9829711914062,82.99947357177734
2024-06-10,74.84159088134766,213.5399932861328,196.49171447753906,459.2757873535156,521.5896606445312,82.4461441040039
2024-06-11,73.99114227294922,214.14999389648438,195.8202362060547,462.42767333984375,522.8458251953125,83.29882049560547
2024-06-12,74.86315155029297,214.72000122070312,198.8262481689453,468.48443603515625,527.139892578125,83.92472839355469
2024-06-13,73.79422760009766,212.97000122070312,197.0890350341797,471.023681640625,528.2012939453125,85.15838623046875
2024-06-14,72.97845458984375,215.72999572753906,193.95611572265625,473.4641418457031,528.5226440429688,85.8749771118164
2024-06-17,73.26913452148438,214.61000061035156,195.5860137939453,479.2640380859375,532.7290649414062,85.02230834960938
2024-06-18,73.55980682373047,215.47000122070312,195.9276123046875,479.4122314453125,534.082763671875,85.80239868164062
2024-06-20,73.606689453125,218.16000366210938,195.0980224609375,475.71697998046875,532.6317138671875,85.23094940185547
2024-06-21,73.09097290039062,214.77999877929688,195.5372314453125,474.4423522949219,531.917724609375,85.23094940185547
2024-06-24,73.67232513427734,215.6300048828125,196.38633728027344,469.0409851074219,530.1885375976562,85.57563781738281
2024-06-25,73.8504867553711,214.55999755859375,195.74215698242188,474.40478515625,532.2303466796875,85.72076416015625
2024-06-26,73.30663299560547,212.5800018310547,195.2248992919922,475.38446044921875,532.89453125,84.4961929321289
2024-06-27,73.36289978027344,214.99000549316406,197.2061309814453,476.611572265625,533.734619140625,84.83181762695312
2024-06-28,73.4472885131836,215.00999450683594,198.0161895751953,474.1375427246094,531.6343994140625,83.25344848632812
2024-07-01,73.57855987548828,215.57000732421875,196.35702514648438,476.91839599609375,532.7284545898438,81.81660461425781
2024-07-02,73.75672149658203,215.55999755859375,197.0304718017578,481.9258728027344,536.3135986328125,82.45356750488281
2024-07-03,74.60061645507812,217.99000549316406,196.98165893554688,485.9437561035156,538.7069702148438,83.5364761352539
2024-07-05,75.09757232666016,220.92999267578125,196.04473876953125,491.0105895996094,541.8134765625,84.22806549072266
2024-07-08,74.7225112915039,218.19000244140625,197.42083740234375,492.1783752441406,542.4386596679688,84.4100570678711
2024-07-09,74.4224624633789,218.55999755859375,196.5619659423828,492.6038513183594,542.9661865234375,84.03693389892578
2024-07-10,75.47264862060547,219.36000061035156,198.48464965820312,497.7400207519531,548.3388671875,84.30084991455078
2024-07-11,75.68830871582031,223.25,205.61907958984375,486.8244934082031,543.61083984375,85.11984252929688
2024-07-12,76.49469757080078,223.11000061035156,208.0199737548828,489.6845397949219,547.0396728515625,85.48383331298828
2024-07-15,75.81957244873047,223.8300018310547,211.97267150878906,491.00067138671875,548.5441284179688,84.50102996826172
2024-07-16,76.18527221679688,228.2899932861328,219.20469665527344,491.188720703125,551.797119140625,85.69312286376953
2024-07-17,75.78207397460938,227.22999572753906,216.91111755371094,476.7699279785156,544.0601806640625,85.71133422851562
2024-07-18,75.03193664550781,225.77999877929688,212.7144317626953,474.5135803222656,539.8792114257812,85.05613708496094
2024-07-19,74.5724868774414,221.72999572753906,211.631103515625,470.3077087402344,536.2940063476562,84.55563354492188
2024-07-22,75.3601303100586,221.8000030517578,214.99819946289062,477.3142395019531,541.8231811523438,84.30996704101562
2024-07-23,74.93817138671875,222.5800018310547,217.28201293945312,475.63189697265625,540.9733276367188,84.19165802001953
2024-07-24,73.99114227294922,221.8000030517578,212.61683654785156,458.5708312988281,528.7135009765625,83.28166961669922
2024-07-25,73.52230834960938,218.3300018310547,215.27151489257812,453.51385498046875,525.958740234375,83.96415710449219
2024-07-26,74.45996856689453,220.6300048828125,218.83383178710938,458.1650695800781,531.8493041992188,84.61934661865234
2024-07-29,74.13177490234375,220.32000732421875,216.4036102294922,459.08544921875,532.161865234375,85.0743408203125
2024-07-30,74.3005599975586,222.52000427246094,217.22344970703125,452.7815246582031,529.4657592773438,85.40193939208984
2024-07-31,75.35074615478516,226.5500030517578,218.48248291015625,466.1810302734375,538.072021484375,86.2755126953125
2024-08-01,73.35352325439453,225.77000427246094,211.37733459472656,454.8894348144531,530.4523315429688,87.01960754394531
2024-08-02,72.2001953125,225.33999633789062,203.9013671875,444.0926818847656,520.5762329101562,89.73129272460938
2024-08-05,70.62491607666016,222.47999572753906,197.3427734375,430.8515319824219,505.41510009765625,90.20606994628906
2024-08-06,70.7468032836914,220.6999969482422,199.48992919921875,434.9683532714844,510.0748291015625,88.18829345703125
2024-08-07,71.0843734741211,220.5500030517578,197.1280517578125,430.25775146484375,506.66546630859375,87.56743621826172
2024-08-08,72.27520751953125,224.00999450683594,201.9201202392578,443.4197082519531,518.3782348632812,87.02874755859375
2024-08-09,72.55650329589844,224.55999755859375,201.50047302246094,445.73541259765625,520.6641235351562,87.88700103759766
2024-08-12,72.4908676147461,228.41000366210938,199.68511962890625,446.69537353515625,520.9376831054688,88.20655822753906
2024-08-13,73.73796081542969,228.05999755859375,202.9741668701172,457.77911376953125,529.5047607421875,88.81827545166016
2024-08-14,74.0098876953125,226.1999969482422,201.71514892578125,457.9275817871094,531.1752319335938,89.37521362304688
2024-08-15,74.91004943847656,226.91000366210938,206.94639587402344,469.49627685546875,540.2797241210938,88.65391540527344
2024-08-16,75.32261657714844,231.99000549316406,207.4929656982422,470.09991455078125,541.4910888671875,88.96436309814453
2024-08-19,76.24152374267578,231.61000061035156,210.03050231933594,476.2751159667969,546.6685180664062,89.37521362304688
2024-08-20,76.0071029663086,232.4600067138672,207.58078002929688,475.275634765625,545.7796020507812,90.08735656738281
2024-08-21,76.7103500366211,232.14999389648438,210.2842559814453,477.49237060546875,547.6551513671875,90.14212799072266
2024-08-22,76.26028442382812,229.3699951171875,208.4298858642578,469.9217834472656,543.3568725585938,89.24736785888672
2024-08-23,77.65740203857422,232.02000427246094,215.08607482910156,475.018310546875,549.1301879882812,89.83174896240234
2024-08-26,77.31046295166016,232.75999450683594,215.1543731689453,470.4067077636719,547.8212280273438,89.60346984863281
2024-08-27,77.66677856445312,233.38999938964844,213.48544311523438,471.81195068359375,548.573486328125,89.4482421875
2024-08-28,77.39485168457031,231.75,212.04098510742188,466.45806884765625,545.3888549804688,89.33869171142578
2024-08-29,77.68553924560547,232.9499969482422,213.5537872314453,465.7752380371094,545.4375610351562,89.04651641845703
2024-08-30,77.80742645263672,231.2899932861328,214.7932586669922,471.3270263671875,550.6444091796875,88.09698486328125
2024-09-03,76.5790786743164,230.2899932861328,208.22491455078125,457.0171203613281,539.312744140625,89.53785705566406
2024-09-04,76.24152374267578,230.42999267578125,207.8735809326172,455.8294982910156,538.2088623046875,90.69198608398438
2024-09-05,76.26028442382812,232.35000610351562,206.8390350341797,456.2551574707031,536.8997192382812,91.20494842529297
2024-09-06,74.82565307617188,230.6300048828125,202.9058380126953,444.0333251953125,527.8636474609375,91.19578552246094
2024-09-09,75.57579040527344,231.60000610351562,203.471923828125,449.7433776855469,533.7737426757812,91.5896224975586
2024-09-10,75.20072174072266,232.6199951171875,203.30601501464844,453.8997802734375,536.0986938476562,92.23085021972656
2024-09-11,75.65079498291016,232.25,203.9013671875,463.7564392089844,541.5984497070312,92.15756225585938
2024-09-12,76.26966094970703,236.3300018310547,206.52671813964844,468.30865478515625,546.1604614257812,91.72704315185547
2024-09-13,76.44781494140625,238.67999267578125,211.62132263183594,470.4067077636719,549.0130004882812,91.97438049316406
2024-09-16,77.06666564941406,238.66000366210938,212.38259887695312,468.3284606933594,549.8237915039062,92.81706237792969
2024-09-17,76.63534545898438,237.33999633789062,214.1393585205078,468.5758972167969,550.0484619140625,92.36825561523438
2024-09-18,76.39155578613281,235.50999450683594,214.17840576171875,466.5471496582031,548.4171752929688,91.22323608398438
2024-09-19,77.90119934082031,239.1699981689453,218.58981323242188,478.3434143066406,557.775634765625,90.92098236083984
2024-09-20,77.13231658935547,242.2100067138672,216.2474822998047,477.4330139160156,556.8113403320312,90.57288360595703
2024-09-23,77.42298889160156,242.67999267578125,215.45693969726562,478.6985168457031,558.2026977539062,90.38053131103516
2024-09-24,77.88243865966797,246.07000732421875,215.8180389404297,481.0075378417969,559.7999267578125,90.3622055053711
2024-09-25,77.46049499511719,245.72999572753906,213.18563842773438,481.45355224609375,558.5652465820312,89.61112213134766
2024-09-26,79.16704559326172,246.97999572753906,214.32167053222656,485.0706787109375,560.77978515625,89.82177734375
2024-09-27,78.68883514404297,245.02000427246094,215.7710418701172,482.37518310546875,559.966552734375,90.2889404296875
2024-09-30,78.41690826416016,243.05999755859375,216.31944274902344,483.6833190917969,562.2105102539062,89.85842895507812
2024-10-01,77.83555603027344,245.61000061035156,213.38153076171875,476.94439697265625,557.1739501953125,90.50721740722656
2024-10-02,77.67615509033203,245.66000366210938,213.08773803710938,477.6183166503906,557.4090576171875,89.74446105957031
2024-10-03,76.95415496826172,245.49000549316406,211.65794372558594,477.2615661621094,556.3899536132812,88.89906311035156
2024-10-04,77.40423583984375,245.0,214.6154327392578,482.9400634765625,561.4461669921875,87.80550384521484
2024-10-07,76.97290802001953,244.1699981689453,212.9310302734375,477.7669982910156,556.370361328125,87.14386749267578
2024-10-08,76.85100555419922,242.3699951171875,213.07794189453125,484.9022521972656,561.6322631835938,87.29087829589844
2024-10-09,76.86976623535156,241.0500030517578,213.54800415039062,488.7176513671875,565.5223388671875,86.79463195800781
2024-10-10,76.77599334716797,242.82000732421875,212.36305236816406,488.1626892089844,564.53271484375,86.45465087890625
2024-10-11,77.1698226928711,245.47000122070312,216.68179321289062,488.9257507324219,567.9132690429688,86.10546112060547
2024-10-14,77.39485168457031,245.07000732421875,218.278076171875,493.02850341796875,572.557861328125,86.16976165771484
2024-10-15,76.1102523803711,245.9199981689453,218.454345703125,486.4383239746094,568.1092529296875,87.21736907958984
2024-10-16,76.3071517944336,247.14999389648438,222.04840087890625,486.4977722167969,570.5785522460938,87.58495330810547
2024-10-17,76.31654357910156,248.6300048828125,221.44122314453125,486.834716796875,570.6275024414062,86.19734954833984
2024-10-18,76.83226013183594,251.27000427246094,220.98097229003906,490.0257873535156,572.8224487304688,86.26166534423828
2024-10-21,75.92272186279297,251.22000122070312,217.50442504882812,490.96728515625,571.8817749023438,84.7546157836914
2024-10-22,75.49139404296875,253.92999267578125,216.68179321289062,491.50238037109375,571.5779418945312,84.83731842041016
2024-10-23,74.73188781738281,250.8699951171875,214.70361328125,483.97064208984375,566.3552856445312,84.60755157470703
2024-10-24,75.15383911132812,252.8000030517578,215.17364501953125,487.8951110839844,567.5801391601562,85.14973449707031
2024-10-25,74.90066528320312,253.32000732421875,214.36082458496094,490.8681945800781,567.3841552734375,84.671875
2024-10-28,75.50077056884766,253.3300018310547,217.8569793701172,490.9474182128906,569.1380615234375,84.44214630126953
2024-10-29,75.22885131835938,256.0899963378906,217.15188598632812,495.6646728515625,570.0592041015625,84.57079315185547
2024-10-30,74.74126434326172,257.5,216.8580780029297,491.91864013671875,568.3345947265625,84.81893157958984
2024-10-31,74.28181457519531,253.50999450683594,213.25421142578125,479.50128173828125,557.193603515625,84.95674896240234
2024-11-01,74.43183135986328,252.47000122070312,214.448974609375,483.04901123046875,559.545166015625,83.7590103149414
2024-11-04,74.48810577392578,252.8300018310547,215.53602600097656,481.641845703125,558.3399047851562,85.05912017822266
2024-11-05,75.22885131835938,253.39999389648438,219.59034729003906,487.7861328125,565.09130859375,85.51091003417969
2024-11-06,74.14115905761719,245.6999969482422,232.3115692138672,501.0359191894531,579.142578125,83.16890716552734
2024-11-07,75.266357421875,249.64999389648438,231.4889373779297,508.9243469238281,583.62060546875,84.21080780029297
2024-11-08,74.22555541992188,247.9600067138672,233.19293212890625,509.51904296875,586.1487426757812,85.28038787841797
2024-11-11,74.24430084228516,242.13999938964844,236.6988525390625,509.22174072265625,586.7072143554688,84.86546325683594
2024-11-12,72.86593627929688,240.0500030517578,232.54660034179688,508.300048828125,584.8845825195312,83.59304809570312
2024-11-13,72.43460845947266,237.6300048828125,230.24522399902344,507.6460266113281,585.1687622070312,82.80007934570312
2024-11-14,72.58463287353516,237.00999450683594,227.1408233642578,504.1180114746094,581.4061279296875,83.2795639038086
2024-11-15,72.32208251953125,236.58999633789062,223.7523956298828,492.1069030761719,573.958984375,83.05827331542969
2024-11-18,72.71591186523438,241.08999633789062,224.19308471679688,495.5259094238281,576.3108520507812,83.20576477050781
2024-11-19,72.62213897705078,243.25,225.85794067382812,498.9349670410156,578.4174194335938,83.62992858886719
2024-11-20,72.42523193359375,244.6199951171875,226.1516876220703,498.6476135253906,578.613525390625,83.36253356933594
2024-11-21,72.44400024414062,246.66000366210938,229.5890655517578,500.44134521484375,581.7197265625,83.2979965209961
2024-11-22,72.72528076171875,249.83999633789062,233.82949829101562,501.2440490722656,583.5225830078125,83.34410858154297
2024-11-25,73.10034942626953,242.47999572753906,237.3843536376953,502.0368957519531,585.5018920898438,85.50171661376953
2024-11-26,72.67839813232422,242.9499969482422,235.64120483398438,504.7323913574219,588.5592041015625,85.16976928710938
2024-11-27,73.07222747802734,243.49000549316406,235.96435546875,500.7584533691406,586.7757568359375,85.75987243652344
2024-11-29,74.0473861694336,245.58999633789062,236.86532592773438,505.15850830078125,590.4208374023438,86.64505004882812
2024-12-02,74.2536849975586,243.44000244140625,236.74783325195312,510.6586608886719,591.4791259765625,86.85321807861328
2024-12-03,74.67562866210938,243.92999267578125,235.0634307861328,512.224365234375,591.7536010742188,86.10377502441406
2024-12-04,74.73188781738281,244.6699981689453,235.90562438964844,518.5570068359375,595.427978515625,87.02900695800781
2024-12-05,75.09757232666016,242.86000061035156,233.15377807617188,517.1200561523438,594.4481201171875,87.20482635498047
2024-12-06,75.08820343017578,242.9499969482422,233.9861602783203,521.7481689453125,595.5750732421875,87.33434295654297
2024-12-09,75.04132080078125,245.36000061035156,232.81100463867188,517.6849975585938,592.5079956054688,86.52935791015625
2024-12-10,74.36619567871094,248.58999633789062,231.80230712890625,515.9209594726562,590.6658935546875,86.12226104736328
2024-12-11,74.83502960205078,250.9600067138672,232.85018920898438,525.1571044921875,595.2320556640625,85.30804443359375
2024-12-12,74.17866516113281,247.27999877929688,229.8240966796875,521.7678833007812,592.1651000976562,84.27175903320312
2024-12-13,73.97238159179688,244.2899932861328,228.24742126464844,525.76171875,592.0475463867188,83.41128540039062
2024-12-16,73.72858428955078,244.8800048828125,229.5890655517578,533.3330078125,594.575439453125,83.6611099243164
2024-12-17,73.61167907714844,243.94000244140625,226.960693359375,530.9843139648438,592.1259155273438,83.86466979980469
2024-12-18,71.80584716796875,239.25999450683594,216.91259765625,511.8280334472656,574.4784545898438,82.81599426269531
2024-12-19,71.5777359008789,239.60000610351562,215.9500274658203,509.5487060546875,574.302001953125,81.56205749511719
2024-12-20,71.37814331054688,242.10000610351562,217.973388671875,513.9984130859375,581.2000122070312,82.02647399902344
2024-12-23,71.84386444091797,240.9600067138672,217.47247314453125,519.0060424804688,584.680419921875,81.27409362792969
2024-12-24,72.10047912597656,241.44000244140625,219.417236328125,526.0438232421875,591.1790771484375,81.61778259277344
2024-12-26,72.44264221191406,243.07000732421875,221.66653442382812,525.6863403320312,591.2184448242188,81.57135009765625
2024-12-27,72.33809661865234,241.39999389648438,218.43504333496094,518.6983642578125,584.9949340820312,80.90257263183594
2024-12-30,71.86287689208984,240.6300048828125,216.75543212890625,511.7996826171875,578.3192749023438,81.55276489257812
2024-12-31,71.86287689208984,242.1300048828125,217.0304718017578,507.4521484375,576.21533203125,81.1162109375
2025-01-02,71.61576080322266,245.4199981689453,217.20726013183594,506.4595031738281,574.7994995117188,81.3391342163086
2025-01-03,71.92940521240234,243.49000549316406,220.43875122070312,514.747802734375,581.9865112304688,81.07904815673828
2025-01-06,72.61372375488281,243.19000244140625,220.5271453857422,520.6636962890625,585.339111328125,80.71680450439453
2025-01-07,72.55668640136719,244.55999755859375,218.75918579101562,511.37286376953125,578.722412109375,79.8065185546875
2025-01-08,72.44264221191406,245.86000061035156,217.76715087890625,511.46221923828125,579.5678100585938,79.9087142944336
2025-01-10,71.34012603759766,248.2100067138672,212.97393798828125,503.4419860839844,570.7192993164062,79.37926483154297
2025-01-13,71.14053344726562,245.74000549316406,213.38645935058594,501.823974609375,571.6041870117188,79.35137939453125
2025-01-14,71.39715576171875,247.02999877929688,215.81251525878906,501.3475341796875,572.3907470703125,79.22135925292969
2025-01-15,72.30957794189453,248.8800048828125,220.05567932128906,512.8817138671875,582.802490234375,80.58675384521484
2025-01-16,72.68025207519531,250.60000610351562,220.49769592285156,509.2884521484375,581.6817016601562,80.84683990478516
2025-01-17,72.97488403320312,249.27000427246094,221.45046997070312,517.8843994140625,587.521728515625,80.98616790771484
2025-01-21,74.44806671142578,253.1300048828125,225.70343017578125,520.921875,592.8995971679688,81.7106704711914
2025-01-22,74.2770004272461,254.42999267578125,224.2301025390625,527.5822143554688,596.2326049804688,81.28341674804688
2025-01-23,74.8852767944336,254.07000732421875,225.25161743164062,528.7039184570312,599.4868774414062,80.65177154541016
2025-01-24,75.30347442626953,255.64999389648438,224.62301635742188,525.7161254882812,597.7367553710938,81.01403045654297
2025-01-27,75.30347442626953,252.99000549316406,222.4719696044922,510.4101257324219,589.2816162109375,81.97074127197266
2025-01-28,75.20841979980469,255.17999267578125,222.7174835205078,517.9539184570312,594.3449096679688,81.91500854492188
2025-01-29,75.19892120361328,254.1999969482422,222.20675659179688,516.981201171875,591.6805419921875,81.74781036376953
2025-01-30,76.02580261230469,258.04998779296875,224.46585083007812,519.1847534179688,594.8561401367188,82.0543441772461
2025-01-31,75.31297302246094,258.55999755859375,222.45230102539062,518.430419921875,591.6903686523438,81.51561737060547
2025-02-03,74.42906188964844,259.94000244140625,219.8494415283203,514.2811889648438,587.70849609375,82.17931365966797
2025-02-04,75.29396057128906,262.5,222.89430236816406,520.5942993164062,591.6510009765625,82.43098449707031
2025-02-05,76.02580261230469,264.1300048828125,225.3203887939453,522.9566650390625,594.0499267578125,83.79194641113281
2025-02-06,76.38697814941406,263.42999267578125,224.58372497558594,525.6863403320312,596.1145629882812,83.754638671875
2025-02-07,75.66463470458984,263.8999938964844,221.9808349609375,519.0556640625,590.6580810546875,83.21400451660156
2025-02-10,76.1778793334961,268.3699951171875,222.98272705078125,525.3389282226562,594.6693115234375,82.96233367919922
2025-02-11,76.5390396118164,267.3900146484375,221.68617248535156,524.0883178710938,595.12158203125,82.43098449707031
2025-02-12,76.82417297363281,267.6700134277344,219.6431427001953,524.3958740234375,593.204345703125,81.31239318847656
2025-02-13,77.75560760498047,270.30999755859375,222.11834716796875,531.9398193359375,599.4672241210938,82.66402435302734
2025-02-14,77.86965942382812,266.2900085449219,221.95138549804688,534.1732177734375,599.437744140625,83.10214233398438
2025-02-18,78.430419921875,270.70001220703125,223.1693115234375,535.3840942382812,601.197509765625,82.12337493896484
2025-02-19,77.62254333496094,270.8500061035156,222.4031982421875,535.5330810546875,602.61328125,82.2259292602539
2025-02-20,77.98371124267578,270.989990234375,220.27174377441406,533.2598876953125,600.1062622070312,82.53353118896484
2025-02-21,77.49899291992188,270.739990234375,213.92666625976562,522.1923828125,589.8419799804688,83.53093719482422
2025-02-24,77.45146179199219,272.2099914550781,212.3845977783203,516.0282592773438,587.1580810546875,83.77330017089844
2025-02-25,78.15479278564453,268.6199951171875,211.57919311523438,509.5267028808594,584.2379150390625,85.21815490722656
2025-02-26,78.25933837890625,269.0299987792969,211.8443603515625,510.757568359375,584.5327758789062,85.72152709960938
2025-02-27,77.37542724609375,264.92999267578125,208.6128692626953,496.5730895996094,575.20263671875,85.11561584472656
2025-02-28,77.5370101928711,263.2699890136719,210.8326873779297,504.4147644042969,584.1788940429688,86.15962982177734
2025-03-03,78.39240264892578,266.739990234375,205.0670928955078,493.3768310546875,573.9441528320312,86.56172943115234
2025-03-04,78.3733901977539,269.05999755859375,202.7490692138672,491.8879699707031,567.1504516601562,85.49571990966797
2025-03-05,80.24576568603516,269.6199951171875,204.7626190185547,498.30023193359375,573.24609375,84.8131103515625
2025-03-06,79.41887664794922,268.25,201.62933349609375,484.5923156738281,563.0703735351562,84.53258514404297
2025-03-07,80.24576568603516,268.3900146484375,202.2873992919922,488.15576171875,566.226318359375,84.26139068603516
2025-03-10,78.35438537597656,266.0400085449219,197.1995086669922,469.2366027832031,551.14453125,85.14038848876953
2025-03-11,78.08826446533203,269.1600036621094,197.1798858642578,468.1149597167969,546.5629272460938,84.53258514404297
2025-03-12,78.6490249633789,270.3299865722656,197.523681640625,473.39569091796875,549.4632568359375,84.02762603759766
2025-03-13,78.12627410888672,275.1300048828125,194.5770263671875,464.8790588378906,542.138671875,84.76634216308594
2025-03-14,79.56143951416016,275.239990234375,199.28182983398438,476.11541748046875,553.3369140625,84.3175048828125
2025-03-17,80.45486450195312,276.7300109863281,201.79629516601562,479.202392578125,557.6038818359375,84.73828125
2025-03-18,80.44535827636719,279.9599914550781,200.04403686523438,471.03326416015625,551.5771484375,84.82244110107422
2025-03-19,80.68296813964844,281.1099853515625,203.15480041503906,477.3363342285156,557.584228515625,85.2619400024414
2025-03-20,80.00814819335938,280.75,201.86521911621094,475.7183837890625,555.9718627929688,85.31805419921875
2025-03-21,79.51392364501953,278.489990234375,200.614990234375,477.28668212890625,556.1552124023438,84.8131103515625
2025-03-24,79.5044174194336,277.25,205.6060028076172,487.7604064941406,566.1151733398438,83.94344329833984
2025-03-25,79.94161987304688,278.4700012207031,204.46408081054688,490.5438537597656,567.4760131835938,83.93408966064453
2025-03-26,78.9056396484375,278.239990234375,202.386962890625,481.5174865722656,560.7013549804688,83.3824234008789
2025-03-27,79.07672119140625,281.9700012207031,201.42222595214844,478.7738342285156,559.2122802734375,83.1392822265625
2025-03-28,78.3733901977539,284.05999755859375,197.3270263671875,466.1687927246094,547.9507446289062,84.28944396972656
2025-03-31,77.67957305908203,288.1400146484375,196.38198852539062,466.1488952636719,551.62890625,85.12167358398438
2025-04-01,77.79362487792969,287.57000732421875,196.40167236328125,469.9065856933594,553.18701171875,85.85931396484375
2025-04-02,77.97420501708984,288.1600036621094,199.5026092529297,473.33612060546875,556.6878051757812,85.8030014038086
2025-04-03,76.33944702148438,286.4200134277344,186.69529724121094,447.996826171875,529.2537841796875,86.19715118408203
2025-04-04,71.30210876464844,279.7200012207031,178.36712646484375,420.1722412109375,498.2696838378906,87.13561248779297
2025-04-07,69.5818099975586,273.7099914550781,176.75265502929688,421.1861877441406,497.3821716308594,84.5079345703125
2025-04-08,69.34420013427734,275.20001220703125,172.09634399414062,413.60125732421875,489.5918273925781,82.91255950927734
2025-04-09,74.69517517089844,285.3800048828125,186.7248077392578,463.2461242675781,541.0084228515625,83.40055847167969
2025-04-10,73.22200775146484,292.3500061035156,178.87901306152344,443.54327392578125,517.3018798828125,81.10134887695312
2025-04-11,75.05635833740234,297.92999267578125,181.4877166748047,451.7146911621094,526.5321044921875,81.54241943359375
2025-04-14,75.8642349243164,296.2300109863281,183.62388610839844,454.7764892578125,531.64013671875,82.12425231933594
2025-04-15,76.54854583740234,297.7799987792969,183.85031127929688,455.283447265625,530.151123046875,82.41516876220703
2025-04-16,76.25390625,307.4700012207031,182.08819580078125,441.5550537109375,518.3668823242188,82.8750228881836
2025-04-17,77.0807876586914,306.1199951171875,183.57467651367188,441.4755554199219,519.1065063476562,82.1430435180664
2025-04-21,76.66261291503906,315.5899963378906,179.8929443359375,430.5505065917969,506.7503662109375,80.70719146728516
2025-04-22,78.24983978271484,311.1099853515625,184.5492401123047,441.8533630371094,519.934814453125,81.15763092041016
2025-04-23,78.56349182128906,303.6499938964844,187.2859649658203,451.8737487792969,527.991455078125,81.9459457397461
2025-04-24,79.60896301269531,308.07000732421875,191.03659057617188,464.5881652832031,539.1051635742188,82.809326171875
2025-04-25,79.95113372802734,304.7300109863281,191.09564208984375,469.7673645019531,543.0003051757812,83.41932678222656
2025-04-28,80.4833755493164,309.07000732421875,191.90286254882812,469.6182861328125,543.2073974609375,83.94487762451172
2025-04-29,80.64494323730469,306.05999755859375,193.03494262695312,472.7198181152344,546.6293334960938,84.64869689941406
2025-04-30,80.5499038696289,303.7699890136719,191.82412719726562,472.66015625,546.8462524414062,83.963623046875
2025-05-01,80.29328918457031,297.4599914550781,193.01528930664062,478.8334655761719,550.7216796875,83.53788757324219
2025-05-02,81.83300018310547,297.9800109863281,197.35658264160156,485.94122314453125,558.8966674804688,82.6336669921875
2025-05-05,81.9755630493164,306.8800048828125,195.84056091308594,483.058349609375,555.6918334960938,82.17210388183594
2025-05-06,81.87101745605469,315.4800109863281,193.70437622070312,478.5650939941406,551.047119140625,82.44527435302734
2025-05-07,81.59538269042969,310.75,194.34425354003906,480.44390869140625,553.3645629882812,82.79377746582031
2025-05-08,81.31026458740234,304.6300048828125,198.045654296875,485.4044494628906,557.2202758789062,81.8707046508789
2025-05-09,81.70944213867188,306.8399963378906,197.68142700195312,485.0863037109375,556.51025390625,81.99315643310547
2025-05-12,82.12763977050781,298.19000244140625,204.63143920898438,504.8488464355469,574.9014892578125,81.23018646240234
2025-05-13,82.232177734375,299.4599914550781,205.3795928955078,512.5431518554688,578.6981201171875,80.90055084228516
2025-05-14,81.83300018310547,293.1600036621094,203.5584259033203,515.6148071289062,579.4376831054688,80.3636474609375
2025-05-15,82.7264175415039,297.8399963378906,204.8873748779297,516.181396484375,582.2679443359375,81.07007598876953
2025-05-16,82.91650390625,294.239990234375,206.58058166503906,518.4281616210938,585.9559326171875,81.28671264648438
2025-05-19,83.70537567138672,298.0299987792969,205.71429443359375,518.9252319335938,586.596923828125,81.0512466430664
2025-05-20,84.10455322265625,303.5799865722656,205.8225860595703,517.1954345703125,584.6246948242188,80.46725463867188
2025-05-21,83.6103286743164,305.82000732421875,200.04403686523438,510.00811767578125,574.7733154296875,79.0920639038086
2025-05-22,83.56280517578125,303.1099853515625,200.0341796875,510.9625549316406,575.000244140625,79.50651550292969
2025-05-23,83.67686462402344,309.75,199.40415954589844,506.2305908203125,571.0752563476562,79.63838195800781
2025-05-27,84.89341735839844,304.5,204.46408081054688,518.1398315429688,582.9483032226562,80.74982452392578
2025-05-28,83.91445922851562,303.80999755859375,202.30821228027344,515.8433227539062,579.5758056640625,80.40133666992188
2025-05-29,84.28514099121094,305.6099853515625,202.90867614746094,516.857421875,581.863525390625,81.14543914794922
2025-05-30,84.40869140625,303.6000061035156,201.87506103515625,516.0422973632812,581.2127685546875,81.26787567138672
2025-06-02,85.3116226196289,311.6700134277344,202.50509643554688,520.1180419921875,584.4866333007812,80.51156616210938
2025-06-03,84.66531372070312,308.9100036621094,205.77337646484375,524.1838989257812,587.8197631835938,80.36973571777344
2025-06-04,85.04550170898438,310.8999938964844,205.19253540039062,525.6452026367188,587.6619873046875,81.67440795898438
2025-06-05,84.98845672607422,309.3299865722656,205.28115844726562,521.6886596679688,584.8218994140625,81.73113250732422
2025-06-06,85.29261016845703,305.17999267578125,208.5986328125,526.7883911132812,590.8275146484375,80.6911849975586
2025-06-09,85.28311157226562,306.6199951171875,210.035888671875,527.5637817382812,591.3599853515625,80.77627563476562
2025-06-10,85.39715576171875,306.7099914550781,211.16796875,531.0530395507812,594.7128295898438,81.1922378540039
2025-06-11,85.25457763671875,308.3699951171875,210.30169677734375,529.2636108398438,593.0166015625,81.43806457519531
2025-06-12,85.91039276123047,312.20001220703125,209.46493530273438,530.5062255859375,595.37353515625,82.41182708740234
2025-06-13,84.8078842163086,316.2900085449219,205.6355438232422,523.845947265625,588.7171630859375,81.61769104003906
2025-06-16,85.1259994506836,311.7799987792969,208.0599822998047,531.132568359375,594.3182983398438,80.79517364501953
2025-06-17,84.08174133300781,311.94000244140625,205.86849975585938,525.953369140625,589.2398071289062,81.77840423583984
2025-06-18,84.22677612304688,310.260009765625,206.954345703125,525.8638916015625,589.1510009765625,81.92023468017578
2025-06-20,83.47259521484375,310.1300048828125,206.52003479003906,523.7166748046875,587.7673950195312,81.7689437866211
2025-06-23,84.10108184814453,311.0799865722656,209.04710388183594,529.1017456054688,593.5730590820312,82.03367614746094
2025-06-24,85.1259994506836,306.19000244140625,211.71240234375,537.19287109375,600.1304321289062,82.6292724609375
2025-06-25,84.66188049316406,307.1199951171875,209.24453735351562,538.5661010742188,600.4666748046875,82.73329162597656
2025-06-26,85.60944366455078,306.7799987792969,212.64031982421875,543.6018676757812,605.1646118164062,83.14925384521484
2025-06-27,86.3829574584961,301.2200012207031,212.7093963623047,545.4629516601562,608.1713256835938,82.61982727050781
2025-06-30,86.43130493164062,304.8299865722656,213.01541137695312,548.9959106445312,611.0791015625,83.4328842163086
2025-07-01,86.2862777709961,307.54998779296875,215.2068634033203,544.3682250976562,610.8812866210938,83.63975524902344
2025-07-02,86.53767395019531,309.25,218.1880340576172,548.159912109375,613.6505737304688,83.10834503173828
2025-07-03,86.5570068359375,307.1400146484375,220.21168518066406,553.553955078125,618.4869995117188,82.52948760986328
2025-07-07,85.61911010742188,307.3699951171875,216.90472412109375,549.3840942382812,613.8780517578125,81.74187469482422
2025-07-08,86.24759674072266,304.1600036621094,218.40521240234375,549.692626953125,613.5418090820312,81.6374740600586
2025-07-09,86.89542388916016,305.5199890136719,220.7743377685547,553.5838623046875,617.2210083007812,82.49153137207031
2025-07-10,86.83740997314453,306.20001220703125,221.90957641601562,552.7877197265625,618.9617309570312,82.54844665527344
2025-07-11,86.00587463378906,309.1400146484375,218.8494110107422,551.5436401367188,616.7858276367188,81.40974426269531
2025-07-14,86.00587463378906,308.010009765625,220.3202667236328,553.5440673828125,617.9627685546875,81.23892974853516
2025-07-15,85.10665893554688,306.7300109863281,216.0064697265625,554.051513671875,615.3220825195312,80.66956329345703
2025-07-16,85.45474243164062,308.260009765625,218.1781768798828,554.6188354492188,617.3792114257812,80.78343200683594
2025-07-17,85.67713165283203,307.5899963378906,221.0408935546875,559.107177734375,621.1574096679688,80.76446533203125
2025-07-18,85.4354019165039,308.3900146484375,219.47132873535156,558.56982421875,620.702392578125,80.8878173828125
2025-07-21,85.88984680175781,313.1300048828125,218.5828857421875,561.4658813476562,621.87939453125,81.60901641845703
2025-07-22,86.3636245727539,316.1000061035156,220.3992462158203,558.5598754882812,621.9683837890625,82.10245513916016
2025-07-23,88.51014709472656,312.17999267578125,223.765380859375,561.1076049804688,627.2598266601562,81.64698028564453
2025-07-24,87.8526611328125,310.2699890136719,220.6756591796875,562.3018188476562,627.4674072265625,81.504638671875
2025-07-25,87.74629211425781,307.3999938964844,221.49497985839844,563.6552734375,630.1180419921875,82.0170669555664
2025-07-28,86.3346176147461,305.4100036621094,221.23831176757812,565.4169311523438,629.9598999023438,81.48564910888672
2025-07-29,86.16057586669922,306.25,219.8267059326172,564.5410766601562,628.2982788085938,82.86161041259766
2025-07-30,85.54176330566406,300.9599914550781,218.7112274169922,565.2974243164062,627.507080078125,82.43458557128906
2025-07-31,84.62320709228516,302.9599914550781,216.5691375732422,562.3018188476562,625.1531372070312,82.48204040527344
2025-08-01,84.40081787109375,309.1099853515625,212.15660095214844,551.2252197265625,614.9066162109375,83.65464782714844
2025-08-04,85.52242279052734,310.9100036621094,216.90472412109375,561.3961791992188,624.2530517578125,83.8832778930664
2025-08-05,85.51275634765625,311.1600036621094,218.01036071777344,557.5845947265625,621.088134765625,84.14047241210938
2025-08-06,86.07355499267578,310.5,217.72409057617188,564.6007690429688,625.845458984375,83.65464782714844
2025-08-07,86.84707641601562,313.1199951171875,217.01333618164062,566.5115356445312,625.3212280273438,83.51176452636719
2025-08-08,87.37887573242188,313.04998779296875,217.48716735839844,571.796142578125,630.197265625,83.14978790283203
2025-08-11,87.01144409179688,308.54998779296875,217.4378204345703,570.1041870117188,628.9510498046875,83.24505615234375
2025-08-12,88.07503509521484,308.2699890136719,223.89370727539062,577.2697143554688,635.6468505859375,82.82592010498047
2025-08-13,88.6068344116211,309.2099914550781,228.2470245361328,577.5584106445312,637.8226928710938,83.51176452636719
2025-08-14,88.61650848388672,307.25,225.30532836914062,577.1105346679688,637.8821411132812,82.89260864257812
2025-08-15,89.13863372802734,307.42999267578125,224.20960998535156,574.5728149414062,636.388671875,82.302001953125
2025-08-18,89.04193878173828,306.95001220703125,225.0289306640625,574.3438720703125,636.2501220703125,82.06387329101562
2025-08-19,89.0516128540039,305.2699890136719,223.3014373779297,566.5513916015625,632.7984008789062,82.54016876220703
2025-08-20,89.37068939208984,308.3599853515625,222.51171875,563.1876220703125,631.1170654296875,82.72113800048828
2025-08-21,88.80988311767578,307.2900085449219,223.0645294189453,560.5802001953125,628.5850830078125,82.31155395507812
2025-08-22,90.14421844482422,310.5799865722656,231.81060791015625,569.2284545898438,638.2380981445312,82.92117309570312
2025-08-25,88.95492553710938,309.8299865722656,229.3723602294922,567.5864868164062,635.4292602539062,82.68302917480469
2025-08-26,88.85823059082031,312.0799865722656,231.26766967773438,569.8653564453125,638.0897216796875,82.63540649414062
2025-08-27,88.6455078125,312.7099914550781,232.90634155273438,570.7412109375,639.5436401367188,82.54016876220703
2025-08-28,88.97425842285156,315.0299987792969,233.18272399902344,574.31396484375,641.8085327148438,83.08311462402344
2025-08-29,88.45214080810547,318.07000732421875,232.146240234375,567.666015625,637.98095703125,82.4925308227539
2025-09-02,87.58192443847656,325.5899963378906,230.89256286621094,562.9089965820312,633.2533569335938,81.87863159179688
2025-09-03,87.71729278564453,328.1400146484375,230.66551208496094,567.3375854492188,636.685302734375,82.7774658203125
2025-09-04,88.35543823242188,326.69000244140625,233.54795837402344,572.4728393554688,642.00634765625,83.4085464477539
2025-09-05,88.75187683105469,331.04998779296875,234.7128143310547,573.2988891601562,640.14697265625,84.68029022216797
2025-09-08,89.64141845703125,334.82000732421875,235.18663024902344,576.0953979492188,641.7195434570312,85.80858612060547
2025-09-09,89.34168243408203,334.05999755859375,233.8046417236328,577.7275390625,643.203125,85.3209228515625
2025-09-10,89.32234191894531,335.260009765625,233.39002990722656,577.9166870117188,645.0625610351562,85.80858612060547
2025-09-11,90.26990509033203,334.760009765625,237.70384216308594,581.2804565429688,650.4231567382812,86.3823013305664
2025-09-12,89.91215515136719,335.4200134277344,235.27545166015625,583.8480834960938,650.2054443359375,86.00938415527344
2025-09-15,90.51163482666016,338.9100036621094,236.27249145507812,588.843994140625,653.6671142578125,86.21019744873047
2025-09-16,90.26023864746094,339.5899963378906,235.88343811035156,588.3463745117188,652.7671508789062,86.39186096191406
2025-09-17,89.92182159423828,336.9700012207031,236.48728942871094,587.1720581054688,651.9561157226562,86.17194366455078
2025-09-18,90.26990509033203,335.6199951171875,242.37744140625,592.4666137695312,655.00244140625,85.28268432617188
2025-09-19,89.92182159423828,339.17999267578125,240.53616333007812,596.4771728515625,658.2465209960938,85.12012481689453
2025-09-22,90.21189880371094,345.04998779296875,241.93197631835938,600.0083618164062,661.3607788085938,84.81415557861328
2025-09-23,90.03785705566406,346.4599914550781,241.38751220703125,596.02294921875,657.7606201171875,85.406982421875
2025-09-24,89.51573181152344,343.32000732421875,239.1700439453125,593.9305419921875,655.6678466796875,85.0818862915039
2025-09-25,88.8775634765625,344.75,236.88328552246094,591.3699340820312,652.6429443359375,85.0818862915039
2025-09-26,89.56407165527344,346.739990234375,238.9126434326172,593.801025390625,656.3820190429688,85.00538635253906
2025-09-29,89.91215515136719,352.4599914550781,239.18983459472656,596.5509643554688,658.2266845703125,85.70339965820312
2025-09-30,90.27957916259766,355.4700012207031,239.52642822265625,598.18505859375,660.7061157226562,85.4548110961914
2025-10-01,91.02409362792969,356.0299987792969,240.05108642578125,601.0545043945312,662.9574584960938,85.67548370361328
2025-10-02,91.16912841796875,354.7900085449219,241.56570434570312,603.5254516601562,663.7210693359375,85.92495727539062
2025-10-03,91.93297576904297,357.6400146484375,243.35751342773438,600.9848022460938,663.7112426757812,85.76184844970703
2025-10-06,92.14569854736328,364.3800048828125,244.32762145996094,605.498291015625,666.0914916992188,85.08058166503906
2025-10-07,91.34317016601562,366.260009765625,241.70428466796875,602.3099365234375,663.6219482421875,85.56995391845703
2025-10-08,91.61389923095703,372.29998779296875,244.23855590820312,609.2147216796875,667.5791625976562,85.6371078491211
2025-10-09,90.85972595214844,365.42999267578125,242.66455078125,608.4774169921875,665.6452026367188,85.56995391845703
2025-10-10,89.18697357177734,369.1199951171875,235.3983612060547,587.3546142578125,647.6542358398438,86.95164489746094
2025-10-13,89.9024887084961,378.0899963378906,241.95179748535156,599.8190307617188,657.5919189453125,86.90367126464844
2025-10-14,90.30859375,380.7900085449219,245.4066619873047,595.8236694335938,656.78857421875,87.18194580078125
2025-10-15,90.74369049072266,387.3900146484375,247.81222534179688,600.0282592773438,659.7044067382812,86.99002838134766
2025-10-16,91.21746826171875,396.45001220703125,242.59523010253906,597.806396484375,655.2116088867188,87.64249420166016
2025-10-17,91.38184356689453,388.989990234375,240.96185302734375,601.7320556640625,658.9308471679688,87.50818634033203
2025-10-20,92.13602447509766,403.1499938964844,245.6640625,609.3143310546875,665.7840576171875,87.84400177001953
2025-10-21,91.45919799804688,377.239990234375,244.505859375,609.1549682617188,665.7741088867188,88.2757797241211
2025-10-22,91.3238296508789,377.2799987792969,240.89254760742188,603.286376953125,662.3128051757812,88.33334350585938
2025-10-23,91.749267578125,378.7900085449219,243.9415740966797,608.3578491210938,666.2402954101562,87.72886657714844
2025-10-24,91.89430236816406,377.5199890136719,246.92127990722656,614.8540649414062,671.6851806640625,87.76724243164062
2025-10-27,92.53245544433594,367.010009765625,247.7825469970703,625.8041381835938,679.6094970703125,88.06468963623047
2025-10-28,92.49378204345703,364.3800048828125,246.45602416992188,630.6165771484375,681.41455078125,88.29497528076172
2025-10-29,91.97166442871094,363.0,244.35733032226562,633.4562377929688,681.7418823242188,87.40260314941406
2025-10-30,91.5655517578125,370.1300048828125,242.38735961914062,623.7715454101562,674.2440185546875,86.89407348632812
2025-10-31,91.36250305175781,368.1199951171875,243.75347900390625,626.7806396484375,676.45556640625,86.63501739501953
2025-11-03,91.40118408203125,368.7799987792969,242.97142028808594,629.7796020507812,677.7251586914062,86.41834259033203
2025-11-04,90.46328735351562,362.32000732421875,238.77406311035156,616.9962768554688,669.6917114257812,86.61093139648438
2025-11-05,91.0434341430664,366.510009765625,242.2190399169922,621.01171875,672.012451171875,85.6672134399414
2025-11-06,90.84037780761719,366.07000732421875,237.93263244628906,609.4439086914062,664.8021850585938,86.43759155273438
2025-11-07,91.17880249023438,368.30999755859375,239.17994689941406,607.5209350585938,665.4567260742188,86.25462341308594
2025-11-10,92.13602447509766,378.3800048828125,241.57559204101562,620.9618530273438,675.8406982421875,86.23538208007812
2025-11-11,92.81285858154297,379.8699951171875,241.78350830078125,619.307861328125,677.3878784179688,86.63019561767578
2025-11-12,93.3639907836914,385.989990234375,241.1895294189453,618.8196411132812,677.7648315429688,86.7842788696289
2025-11-13,92.36808013916016,382.8699951171875,234.40841674804688,606.1858520507812,666.5180053710938,86.07166290283203
2025-11-14,92.10702514648438,375.9599914550781,235.09149169921875,606.6441040039062,666.4088745117188,85.5805435180664
2025-11-17,90.90806579589844,371.6499938964844,230.4189453125,601.4630737304688,660.2003173828125,85.79240417480469
2025-11-18,89.72844696044922,374.3500061035156,231.121826171875,594.1397094726562,654.65625,85.76351165771484
2025-11-19,89.45770263671875,374.9599914550781,231.08221435546875,597.6868286132812,657.185302734375,85.59015655517578
2025-11-20,88.22007751464844,374.8500061035156,226.8056640625,583.5384521484375,647.1683349609375,85.92721557617188
2025-11-21,89.58341217041016,374.2699890136719,233.2303924560547,587.9224853515625,653.6149291992188,86.18722534179688
2025-11-24,89.6607666015625,380.20001220703125,237.4871368408203,602.9575805664062,663.235107421875,86.67833709716797
2025-11-25,90.73401641845703,380.0799865722656,242.66455078125,606.674072265625,669.4735107421875,86.89983367919922
2025-11-26,91.72993469238281,383.1199951171875,244.81272888183594,612.034423828125,674.09521484375,87.28501892089844
2025-11-28,92.03934478759766,387.8800048828125,246.2481231689453,616.9962768554688,677.7747192382812,86.87094116210938
2025-12-01,91.58489227294922,389.75,243.14959716796875,614.923828125,674.6802978515625,85.78950500488281
2025-12-02,91.89430236816406,387.239990234375,242.7041473388672,619.7362670898438,675.9300537109375,85.82816314697266
2025-12-03,92.3874282836914,386.8800048828125,247.1192626953125,621.250732421875,678.2706298828125,86.06977081298828
2025-12-04,92.6388168334961,387.1300048828125,249.28726196289062,620.6729125976562,678.7664794921875,85.60588836669922
2025-12-05,92.6388168334961,386.44000244140625,248.24783325195312,623.20361328125,680.0557861328125,85.20965576171875
2025-12-08,92.34874725341797,385.4200134277344,248.34681701660156,622.0079956054688,678.0127563476562,84.92938232421875
2025-12-09,92.22305297851562,387.3999938964844,248.861572265625,622.775146484375,677.4275512695312,85.01636505126953
2025-12-10,93.24796295166016,389.04998779296875,252.2471923828125,625.3258666992188,681.92041015625,85.34495544433594
2025-12-11,93.7990951538086,393.239990234375,255.20709228515625,623.3032836914062,683.5072021484375,85.2289810180664
2025-12-12,93.30597686767578,395.44000244140625,251.29684448242188,611.3867797851562,676.1581420898438,84.40751647949219
2025-12-15,93.87644958496094,395.79998779296875,249.39614868164062,608.3179931640625,675.1365356445312,84.46550750732422
2025-12-16,93.44133758544922,395.8900146484375,248.2161407470703,609.5235595703125,673.2918701171875,84.92938232421875
2025-12-17,92.68333435058594,399.2900085449219,245.57406616210938,598.224853515625,665.8832397460938,84.85208129882812
2025-12-18,93.3428955078125,398.57000732421875,247.0341796875,606.8931884765625,670.9114990234375,85.25798034667969
2025-12-19,93.9729232788086,399.0199890136719,249.1001434326172,614.8043212890625,676.9923095703125,84.93975830078125
2025-12-22,94.20918273925781,408.2300109863281,251.87136840820312,617.7513427734375,681.2098999023438,84.75542449951172
2025-12-23,94.79000091552734,413.6400146484375,250.3814697265625,620.6444702148438,684.3233032226562,84.89124298095703
2025-12-24,94.90813446044922,411.92999267578125,251.00721740722656,622.4602661132812,686.7305297851562,85.40544128417969
2025-12-26,95.06563568115234,416.739990234375,249.7259063720703,622.4202880859375,686.660888671875,85.12409210205078
2025-12-29,94.7801513671875,398.6000061035156,248.19630432128906,619.4074096679688,684.2138671875,85.44424438476562
2025-12-30,94.93766021728516,398.8900146484375,246.35874938964844,617.9707641601562,683.3783569335938,85.24050903320312
2025-12-31,94.53404235839844,396.30999755859375,244.5013427734375,612.8628540039062,678.3152465820312,84.56139373779297
